OrderID;OrderDate;PropertyID;ProductID;Quantity
1;2023-05-18 19:50:00;17;41;1
2;2023-05-18 19:50:00;15;54;2
3;2023-05-18 19:50:00;5;71;2
4;2023-05-18 19:50:00;19;3;2
5;2023-05-18 19:50:00;12;45;3
6;2023-05-18 19:50:00;6;94;2
7;2023-05-18 19:50:00;5;35;2
8;2023-05-18 19:50:00;16;93;1
9;2023-05-18 19:50:00;4;93;3
10;2023-05-18 19:50:00;2;61;2
11;2023-05-18 19:50:00;2;24;1
12;2023-05-18 19:50:00;8;23;1
13;2023-05-18 19:50:00;12;24;2
14;2023-05-18 19:50:00;4;94;3
15;2023-05-18 19:50:00;16;20;2
16;2023-05-18 19:50:00;2;94;3
17;2023-05-18 19:50:00;19;84;1
18;2023-05-18 19:50:00;9;89;2
19;2023-05-18 19:50:00;20;21;3
20;2023-05-18 19:50:00;1;6;1
21;2023-05-18 19:50:00;8;57;3
22;2023-05-18 19:50:00;4;70;2
23;2023-05-18 19:50:00;17;24;1
24;2023-05-18 19:50:00;14;23;2
25;2023-05-18 19:50:00;12;52;1
26;2023-05-18 19:50:00;17;84;2
27;2023-05-18 19:50:00;10;74;1
28;2023-05-18 19:50:00;10;33;3
29;2023-05-18 19:50:00;5;73;2
30;2023-05-18 19:50:00;2;5;1
31;2023-05-18 19:50:00;11;79;2
32;2023-05-18 19:50:00;20;44;1
33;2023-05-18 19:50:00;9;64;1
34;2023-05-18 19:50:00;18;10;2
35;2023-05-18 19:50:00;1;87;1
36;2023-05-18 19:50:00;2;37;2
37;2023-05-18 19:50:00;3;23;3
38;2023-05-18 19:50:00;8;37;3
39;2023-05-18 19:50:00;10;30;3
40;2023-05-18 19:50:00;19;83;2
41;2023-05-18 19:50:00;13;19;2
42;2023-05-18 19:50:00;10;27;2
43;2023-05-18 19:50:00;5;87;3
44;2023-05-18 19:50:00;1;19;2
45;2023-05-18 19:50:00;9;23;2
46;2023-05-18 19:50:00;6;28;2
47;2023-05-18 19:50:00;14;47;3
48;2023-05-18 19:50:00;18;58;1
49;2023-05-18 19:50:00;15;13;3
50;2023-05-18 19:50:00;19;91;2
51;2023-05-18 19:50:00;5;67;2
52;2023-05-18 19:50:00;10;25;3
53;2023-05-18 19:50:00;8;51;3
54;2023-05-18 19:50:00;5;24;2
55;2023-05-18 19:50:00;14;8;3
56;2023-05-18 19:50:00;16;70;3
57;2023-05-18 19:50:00;19;41;2
58;2023-05-18 19:50:00;19;42;1
59;2023-05-18 19:50:00;13;93;2
60;2023-05-18 19:50:00;13;42;2
61;2023-05-18 19:50:00;1;18;3
62;2023-05-18 19:50:00;2;59;1
63;2023-05-18 19:50:00;7;19;2
64;2023-05-18 19:50:00;1;73;2
65;2023-05-18 19:50:00;6;83;1
66;2023-05-18 19:50:00;3;74;1
67;2023-05-18 19:50:00;5;70;2
68;2023-05-18 19:50:00;6;84;3
69;2023-05-18 19:50:00;2;48;2
70;2023-05-18 19:50:00;14;65;1
71;2023-05-18 19:50:00;19;30;1
72;2023-05-18 19:50:00;10;36;1
73;2023-05-18 19:50:00;11;25;3
74;2023-05-18 19:50:00;17;16;3
75;2023-05-18 19:50:00;3;27;2
76;2023-05-18 19:50:00;2;44;1
77;2023-05-18 19:50:00;18;44;3
78;2023-05-18 19:50:00;14;72;1
79;2023-05-18 19:50:00;16;39;3
80;2023-05-18 19:50:00;8;85;1
81;2023-05-18 19:50:00;2;75;2
82;2023-05-18 19:50:00;7;60;1
83;2023-05-18 19:50:00;20;53;1
84;2023-05-18 19:50:00;11;67;2
85;2023-05-18 19:50:00;20;65;1
86;2023-05-18 19:50:00;6;94;1
87;2023-05-18 19:50:00;14;44;3
88;2023-05-18 19:50:00;6;58;1
89;2023-05-18 19:50:00;9;59;3
90;2023-05-18 19:50:00;13;84;1
91;2023-05-18 19:50:00;16;16;3
92;2023-05-18 19:50:00;2;58;3
93;2023-05-18 19:50:00;4;73;1
94;2023-05-18 19:50:00;19;59;2
95;2023-05-18 19:50:00;12;84;3
96;2023-05-18 19:50:00;3;92;3
97;2023-05-18 19:50:00;12;34;2
98;2023-05-18 19:50:00;12;34;3
99;2023-05-18 19:50:00;1;64;2
100;2023-05-18 19:50:00;10;24;1
101;2023-05-18 19:50:00;12;31;3
102;2023-05-18 19:50:00;8;73;1
103;2023-05-18 19:50:00;19;78;1
104;2023-05-18 19:50:00;11;16;3
105;2023-05-18 19:50:00;4;50;2
106;2023-05-18 19:50:00;14;85;2
107;2023-05-18 19:50:00;16;56;2
108;2023-05-18 19:50:00;4;25;1
109;2023-05-18 19:50:00;13;90;2
110;2023-05-18 19:50:00;3;72;2
111;2023-05-18 19:50:00;3;39;2
112;2023-05-18 19:50:00;15;10;1
113;2023-05-18 19:50:00;15;15;3
114;2023-05-18 19:50:00;3;75;1
115;2023-05-18 19:50:00;10;4;2
116;2023-05-18 19:50:00;8;47;2
117;2023-05-18 19:50:00;15;34;3
118;2023-05-18 19:50:00;13;10;2
119;2023-05-18 19:50:00;17;79;2
120;2023-05-18 19:50:00;19;72;3
121;2023-05-18 19:50:00;5;5;2
122;2023-05-18 19:50:00;13;7;3
123;2023-05-18 19:50:00;20;22;1
124;2023-05-18 19:50:00;10;2;2
125;2023-05-18 19:50:00;11;3;3
126;2023-05-18 19:50:00;16;45;3
127;2023-05-18 19:50:00;18;91;1
128;2023-05-18 19:50:00;11;41;2
129;2023-05-18 19:50:00;2;39;1
130;2023-05-18 19:50:00;1;56;3
131;2023-05-18 19:50:00;4;59;3
132;2023-05-18 19:50:00;11;67;3
133;2023-05-18 19:50:00;9;29;3
134;2023-05-18 19:50:00;6;37;2
135;2023-05-18 19:50:00;4;38;1
136;2023-05-18 19:50:00;15;36;3
137;2023-05-18 19:50:00;15;66;1
138;2023-05-18 19:50:00;8;61;2
139;2023-05-18 19:50:00;8;2;3
140;2023-05-18 19:50:00;17;78;1
141;2023-05-18 19:50:00;11;14;3
142;2023-05-18 19:50:00;17;88;1
143;2023-05-18 19:50:00;14;16;1
144;2023-05-18 19:50:00;9;49;3
145;2023-05-18 19:50:00;5;69;3
146;2023-05-18 19:50:00;17;16;1
147;2023-05-18 19:50:00;8;68;3
148;2023-05-18 19:50:00;3;69;2
149;2023-05-18 19:50:00;8;73;1
150;2023-05-18 19:50:00;2;45;3
151;2023-05-18 19:50:00;18;77;2
152;2023-05-18 19:50:00;10;93;2
153;2023-05-18 19:50:00;17;50;3
154;2023-05-18 19:50:00;20;14;1
155;2023-05-18 19:50:00;1;52;3
156;2023-05-18 19:50:00;19;6;3
157;2023-05-18 19:50:00;9;56;2
158;2023-05-18 19:50:00;14;37;3
159;2023-05-18 19:50:00;9;90;3
160;2023-05-18 19:50:00;4;65;1
161;2023-05-18 19:50:00;18;58;2
162;2023-05-18 19:50:00;9;24;2
163;2023-05-18 19:50:00;17;41;2
164;2023-05-18 19:50:00;13;50;2
165;2023-05-18 19:50:00;4;93;3
166;2023-05-18 19:50:00;16;82;3
167;2023-05-18 19:50:00;8;13;3
168;2023-05-18 19:50:00;13;42;1
169;2023-05-18 19:50:00;8;90;2
170;2023-05-18 19:50:00;12;14;1
171;2023-05-18 19:50:00;7;9;1
172;2023-05-18 19:50:00;15;27;2
173;2023-05-18 19:50:00;17;92;2
174;2023-05-18 19:50:00;19;38;1
175;2023-05-18 19:50:00;20;87;3
176;2023-05-18 19:50:00;6;1;1
177;2023-05-18 19:50:00;20;67;2
178;2023-05-18 19:50:00;2;52;3
179;2023-05-18 19:50:00;20;68;1
180;2023-05-18 19:50:00;19;56;2
181;2023-05-18 19:50:00;13;81;3
182;2023-05-18 19:50:00;5;72;2
183;2023-05-18 19:50:00;9;16;2
184;2023-05-18 19:50:00;5;51;2
185;2023-05-18 19:50:00;2;24;1
186;2023-05-18 19:50:00;6;35;1
187;2023-05-18 19:50:00;20;11;3
188;2023-05-18 19:50:00;10;3;2
189;2023-05-18 19:50:00;14;64;1
190;2023-05-18 19:50:00;12;6;2
191;2023-05-18 19:50:00;17;70;1
192;2023-05-18 19:50:00;13;60;2
193;2023-05-18 19:50:00;18;68;2
194;2023-05-18 19:50:00;17;62;1
195;2023-05-18 19:50:00;8;36;1
196;2023-05-18 19:50:00;12;71;2
197;2023-05-18 19:50:00;12;54;2
198;2023-05-18 19:50:00;13;52;1
199;2023-05-18 19:50:00;20;58;3
200;2023-05-18 19:50:00;16;25;2
201;2023-05-18 19:50:00;14;27;3
202;2023-05-18 19:50:00;10;5;1
203;2023-05-18 19:50:00;18;11;2
204;2023-05-18 19:50:00;15;65;2
205;2023-05-18 19:50:00;1;42;3
206;2023-05-18 19:50:00;18;2;2
207;2023-05-18 19:50:00;7;53;1
208;2023-05-18 19:50:00;4;8;1
209;2023-05-18 19:50:00;2;63;1
210;2023-05-18 19:50:00;1;3;3
211;2023-05-18 19:50:00;17;75;3
212;2023-05-18 19:50:00;3;36;2
213;2023-05-18 19:50:00;3;33;3
214;2023-05-18 19:50:00;14;58;3
215;2023-05-18 19:50:00;5;39;1
216;2023-05-18 19:50:00;3;54;2
217;2023-05-18 19:50:00;19;81;1
218;2023-05-18 19:50:00;17;94;2
219;2023-05-18 19:50:00;1;2;3
220;2023-05-18 19:50:00;12;36;2
221;2023-05-18 19:50:00;1;53;3
222;2023-05-18 19:50:00;10;22;2
223;2023-05-18 19:50:00;1;6;3
224;2023-05-18 19:50:00;3;72;1
225;2023-05-18 19:50:00;2;9;1
226;2023-05-18 19:50:00;8;80;3
227;2023-05-18 19:50:00;7;46;1
228;2023-05-18 19:50:00;8;71;2
229;2023-05-18 19:50:00;15;30;2
230;2023-05-18 19:50:00;4;39;2
231;2023-05-18 19:50:00;3;36;1
232;2023-05-18 19:50:00;10;29;1
233;2023-05-18 19:50:00;9;64;1
234;2023-05-18 19:50:00;13;58;1
235;2023-05-18 19:50:00;1;5;1
236;2023-05-18 19:50:00;20;74;3
237;2023-05-18 19:50:00;7;33;2
238;2023-05-18 19:50:00;4;36;3
239;2023-05-18 19:50:00;17;34;3
240;2023-05-18 19:50:00;3;67;1
241;2023-05-18 19:50:00;20;93;1
242;2023-05-18 19:50:00;2;69;2
243;2023-05-18 19:50:00;7;53;2
244;2023-05-18 19:50:00;16;40;1
245;2023-05-18 19:50:00;19;15;3
246;2023-05-18 19:50:00;16;92;1
247;2023-05-18 19:50:00;16;39;1
248;2023-05-18 19:50:00;16;19;2
249;2023-05-18 19:50:00;5;49;3
250;2023-05-18 19:50:00;14;50;2
251;2023-05-18 19:50:00;14;66;1
252;2023-05-18 19:50:00;14;30;1
253;2023-05-18 19:50:00;5;12;3
254;2023-05-18 19:50:00;7;31;1
255;2023-05-18 19:50:00;11;78;3
256;2023-05-18 19:50:00;9;42;1
257;2023-05-18 19:50:00;20;65;2
258;2023-05-18 19:50:00;6;61;2
259;2023-05-18 19:50:00;5;89;2
260;2023-05-18 19:50:00;14;47;2
261;2023-05-18 19:50:00;17;38;2
262;2023-05-18 19:50:00;12;19;2
263;2023-05-18 19:50:00;12;37;2
264;2023-05-18 19:50:00;13;55;2
265;2023-05-18 19:50:00;14;2;2
266;2023-05-18 19:50:00;8;91;1
267;2023-05-18 19:50:00;10;55;1
268;2023-05-18 19:50:00;5;55;2
269;2023-05-18 19:50:00;7;49;3
270;2023-05-18 19:50:00;8;81;2
271;2023-05-18 19:50:00;10;86;2
272;2023-05-18 19:50:00;9;38;2
273;2023-05-18 19:50:00;12;58;3
274;2023-05-18 19:50:00;5;49;1
275;2023-05-18 19:50:00;8;72;3
276;2023-05-18 19:50:00;19;91;2
277;2023-05-18 19:50:00;12;75;2
278;2023-05-18 19:50:00;1;84;1
279;2023-05-18 19:50:00;6;51;3
280;2023-05-18 19:50:00;5;5;2
281;2023-05-18 19:50:00;14;44;1
282;2023-05-18 19:50:00;20;6;2
283;2023-05-18 19:50:00;3;61;2
284;2023-05-18 19:50:00;15;17;3
285;2023-05-18 19:50:00;7;44;2
286;2023-05-18 19:50:00;13;93;1
287;2023-05-18 19:50:00;18;21;3
288;2023-05-18 19:50:00;16;48;2
289;2023-05-18 19:50:00;10;40;2
290;2023-05-18 19:50:00;11;9;1
291;2023-05-18 19:50:00;10;12;1
292;2023-05-18 19:50:00;8;90;3
293;2023-05-18 19:50:00;12;38;2
294;2023-05-18 19:50:00;19;63;3
295;2023-05-18 19:50:00;18;51;2
296;2023-05-18 19:50:00;16;70;3
297;2023-05-18 19:50:00;18;61;2
298;2023-05-18 19:50:00;12;14;1
299;2023-05-18 19:50:00;4;4;2
300;2023-05-18 19:50:00;20;80;3
301;2023-05-18 19:50:00;20;33;1
302;2023-05-18 19:50:00;17;65;2
303;2023-05-18 19:50:00;16;35;3
304;2023-05-18 19:50:00;8;67;1
305;2023-05-18 19:50:00;4;47;2
306;2023-05-18 19:50:00;10;87;3
307;2023-05-18 19:50:00;19;77;1
308;2023-05-18 19:50:00;12;27;3
309;2023-05-18 19:50:00;12;60;1
310;2023-05-18 19:50:00;5;79;2
311;2023-05-18 19:50:00;17;4;3
312;2023-05-18 19:50:00;7;15;2
313;2023-05-18 19:50:00;5;61;1
314;2023-05-18 19:50:00;15;38;1
315;2023-05-18 19:50:00;20;75;3
316;2023-05-18 19:50:00;9;34;1
317;2023-05-18 19:50:00;13;94;1
318;2023-05-18 19:50:00;15;69;3
319;2023-05-18 19:50:00;3;9;2
320;2023-05-18 19:50:00;3;43;1
321;2023-05-18 19:50:00;18;21;3
322;2023-05-18 19:50:00;18;18;1
323;2023-05-18 19:50:00;15;73;2
324;2023-05-18 19:50:00;12;18;1
325;2023-05-18 19:50:00;18;23;1
326;2023-05-18 19:50:00;18;67;2
327;2023-05-18 19:50:00;1;34;1
328;2023-05-18 19:50:00;9;8;2
329;2023-05-18 19:50:00;10;84;3
330;2023-05-18 19:50:00;14;61;2
331;2023-05-18 19:50:00;10;91;1
332;2023-05-18 19:50:00;5;55;1
333;2023-05-18 19:50:00;18;12;1
334;2023-05-18 19:50:00;4;8;2
335;2023-05-18 19:50:00;12;63;3
336;2023-05-18 19:50:00;6;43;3
337;2023-05-18 19:50:00;8;18;1
338;2023-05-18 19:50:00;5;62;3
339;2023-05-18 19:50:00;7;14;2
340;2023-05-18 19:50:00;17;36;3
341;2023-05-18 19:50:00;19;29;3
342;2023-05-18 19:50:00;4;8;2
343;2023-05-18 19:50:00;3;18;1
344;2023-05-18 19:50:00;12;69;1
345;2023-05-18 19:50:00;20;42;1
346;2023-05-18 19:50:00;5;84;1
347;2023-05-18 19:50:00;8;85;2
348;2023-05-18 19:50:00;2;24;1
349;2023-05-18 19:50:00;7;81;1
350;2023-05-18 19:50:00;20;54;3
351;2023-05-18 19:50:00;8;5;1
352;2023-05-18 19:50:00;2;3;1
353;2023-05-18 19:50:00;5;39;1
354;2023-05-18 19:50:00;16;34;1
355;2023-05-18 19:50:00;5;76;2
356;2023-05-18 19:50:00;16;28;3
357;2023-05-18 19:50:00;11;61;1
358;2023-05-18 19:50:00;13;42;1
359;2023-05-18 19:50:00;9;46;1
360;2023-05-18 19:50:00;6;24;3
361;2023-05-18 19:50:00;7;72;2
362;2023-05-18 19:50:00;2;21;3
363;2023-05-18 19:50:00;12;88;2
364;2023-05-18 19:50:00;20;25;1
365;2023-05-18 19:50:00;16;2;2
366;2023-05-18 19:50:00;4;16;3
367;2023-05-18 19:50:00;15;61;3
368;2023-05-18 19:50:00;3;89;2
369;2023-05-18 19:50:00;7;38;3
370;2023-05-18 19:50:00;6;3;1
371;2023-05-18 19:50:00;17;64;2
372;2023-05-18 19:50:00;9;67;2
373;2023-05-18 19:50:00;6;27;3
374;2023-05-18 19:50:00;9;17;3
375;2023-05-18 19:50:00;4;63;2
376;2023-05-18 19:50:00;10;52;2
377;2023-05-18 19:50:00;16;9;1
378;2023-05-18 19:50:00;5;41;3
379;2023-05-18 19:50:00;2;4;3
380;2023-05-18 19:50:00;9;65;2
381;2023-05-18 19:50:00;16;90;1
382;2023-05-18 19:50:00;8;70;1
383;2023-05-18 19:50:00;20;47;1
384;2023-05-18 19:50:00;9;87;1
385;2023-05-18 19:50:00;15;45;3
386;2023-05-18 19:50:00;6;7;1
387;2023-05-18 19:50:00;20;33;3
388;2023-05-18 19:50:00;20;62;3
389;2023-05-18 19:50:00;8;16;1
390;2023-05-18 19:50:00;14;64;2
391;2023-05-18 19:50:00;7;74;1
392;2023-05-18 19:50:00;2;90;3
393;2023-05-18 19:50:00;8;22;3
394;2023-05-18 19:50:00;4;36;3
395;2023-05-18 19:50:00;9;26;2
396;2023-05-18 19:50:00;8;22;3
397;2023-05-18 19:50:00;8;55;1
398;2023-05-18 19:50:00;4;60;3
399;2023-05-18 19:50:00;12;13;2
400;2023-05-18 19:50:00;11;7;2
401;2023-05-18 19:50:00;7;94;1
402;2023-05-18 19:50:00;16;93;1
403;2023-05-18 19:50:00;13;76;2
404;2023-05-18 19:50:00;9;35;1
405;2023-05-18 19:50:00;2;73;1
406;2023-05-18 19:50:00;20;57;2
407;2023-05-18 19:50:00;9;6;1
408;2023-05-18 19:50:00;13;51;3
409;2023-05-18 19:50:00;13;56;1
410;2023-05-18 19:50:00;15;32;3
411;2023-05-18 19:50:00;16;30;1
412;2023-05-18 19:50:00;17;29;1
413;2023-05-18 19:50:00;11;49;3
414;2023-05-18 19:50:00;9;46;2
415;2023-05-18 19:50:00;11;76;1
416;2023-05-18 19:50:00;15;59;3
417;2023-05-18 19:50:00;8;16;1
418;2023-05-18 19:50:00;14;5;1
419;2023-05-18 19:50:00;11;12;1
420;2023-05-18 19:50:00;19;93;2
421;2023-05-18 19:50:00;19;48;3
422;2023-05-18 19:50:00;13;75;2
423;2023-05-18 19:50:00;4;22;1
424;2023-05-18 19:50:00;8;15;3
425;2023-05-18 19:50:00;14;45;1
426;2023-05-18 19:50:00;7;76;3
427;2023-05-18 19:50:00;1;87;2
428;2023-05-18 19:50:00;14;23;2
429;2023-05-18 19:50:00;9;83;3
430;2023-05-18 19:50:00;6;67;3
431;2023-05-18 19:50:00;17;87;2
432;2023-05-18 19:50:00;19;36;1
433;2023-05-18 19:50:00;1;88;2
434;2023-05-18 19:50:00;11;36;2
435;2023-05-18 19:50:00;8;25;2
436;2023-05-18 19:50:00;13;44;3
437;2023-05-18 19:50:00;1;78;3
438;2023-05-18 19:50:00;7;30;3
439;2023-05-18 19:50:00;5;78;2
440;2023-05-18 19:50:00;20;54;3
441;2023-05-18 19:50:00;6;19;3
442;2023-05-18 19:50:00;16;30;2
443;2023-05-18 19:50:00;18;29;3
444;2023-05-18 19:50:00;10;3;3
445;2023-05-18 19:50:00;3;67;1
446;2023-05-18 19:50:00;18;44;2
447;2023-05-18 19:50:00;11;10;3
448;2023-05-18 19:50:00;8;85;1
449;2023-05-18 19:50:00;11;61;2
450;2023-05-18 19:50:00;14;53;1
451;2023-05-18 19:50:00;5;4;3
452;2023-05-18 19:50:00;12;55;2
453;2023-05-18 19:50:00;7;41;3
454;2023-05-18 19:50:00;20;10;2
455;2023-05-18 19:50:00;2;59;3
456;2023-05-18 19:50:00;5;73;2
457;2023-05-18 19:50:00;2;90;1
458;2023-05-18 19:50:00;20;22;2
459;2023-05-18 19:50:00;17;80;2
460;2023-05-18 19:50:00;4;15;1
461;2023-05-18 19:50:00;8;53;1
462;2023-05-18 19:50:00;20;18;3
463;2023-05-18 19:50:00;19;2;2
464;2023-05-18 19:50:00;19;83;3
465;2023-05-18 19:50:00;1;15;2
466;2023-05-18 19:50:00;8;6;2
467;2023-05-18 19:50:00;18;48;3
468;2023-05-18 19:50:00;1;14;2
469;2023-05-18 19:50:00;11;47;3
470;2023-05-18 19:50:00;6;46;2
471;2023-05-18 19:50:00;12;73;2
472;2023-05-18 19:50:00;19;77;3
473;2023-05-18 19:50:00;11;81;3
474;2023-05-18 19:50:00;8;19;2
475;2023-05-18 19:50:00;13;91;2
476;2023-05-18 19:50:00;4;89;1
477;2023-05-18 19:50:00;2;14;2
478;2023-05-18 19:50:00;9;25;1
479;2023-05-18 19:50:00;8;80;1
480;2023-05-18 19:50:00;16;24;2
481;2023-05-18 19:50:00;7;28;3
482;2023-05-18 19:50:00;6;83;3
483;2023-05-18 19:50:00;3;42;1
484;2023-05-18 19:50:00;20;10;1
485;2023-05-18 19:50:00;14;69;3
486;2023-05-18 19:50:00;13;37;2
487;2023-05-18 19:50:00;5;73;1
488;2023-05-18 19:50:00;8;1;1
489;2023-05-18 19:50:00;2;26;1
490;2023-05-18 19:50:00;16;83;3
491;2023-05-18 19:50:00;20;34;1
492;2023-05-18 19:50:00;13;1;1
493;2023-05-18 19:50:00;19;94;1
494;2023-05-18 19:50:00;10;11;3
495;2023-05-18 19:50:00;13;8;2
496;2023-05-18 19:50:00;20;38;1
497;2023-05-18 19:50:00;13;44;1
498;2023-05-18 19:50:00;20;25;1
499;2023-05-18 19:50:00;18;73;1
500;2023-05-18 19:50:00;12;12;1
501;2023-05-18 19:50:00;15;22;1
502;2023-05-18 19:50:00;10;17;1
503;2023-05-18 19:50:00;7;33;2
504;2023-05-18 19:50:00;7;53;1
505;2023-05-18 19:50:00;10;40;2
506;2023-05-18 19:50:00;12;46;1
507;2023-05-18 19:50:00;13;25;2
508;2023-05-18 19:50:00;15;83;2
509;2023-05-18 19:50:00;17;61;1
510;2023-05-18 19:50:00;17;68;1
511;2023-05-18 19:50:00;19;48;1
512;2023-05-18 19:50:00;2;66;2
513;2023-05-18 19:50:00;7;45;1
514;2023-05-18 19:50:00;11;80;3
515;2023-05-18 19:50:00;9;5;3
516;2023-05-18 19:50:00;7;33;3
517;2023-05-18 19:50:00;8;52;2
518;2023-05-18 19:50:00;3;60;1
519;2023-05-18 19:50:00;4;64;3
520;2023-05-18 19:50:00;6;36;1
521;2023-05-18 19:50:00;10;40;2
522;2023-05-18 19:50:00;2;70;3
523;2023-05-18 19:50:00;8;83;2
524;2023-05-18 19:50:00;3;69;1
525;2023-05-18 19:50:00;2;64;3
526;2023-05-18 19:50:00;9;58;2
527;2023-05-18 19:50:00;13;86;1
528;2023-05-18 19:50:00;4;41;2
529;2023-05-18 19:50:00;9;92;3
530;2023-05-18 19:50:00;5;68;1
531;2023-05-18 19:50:00;3;75;3
532;2023-05-18 19:50:00;13;33;3
533;2023-05-18 19:50:00;10;75;3
534;2023-05-18 19:50:00;1;64;3
535;2023-05-18 19:50:00;8;78;3
536;2023-05-18 19:50:00;7;3;3
537;2023-05-18 19:50:00;16;60;2
538;2023-05-18 19:50:00;5;61;3
539;2023-05-18 19:50:00;5;69;1
540;2023-05-18 19:50:00;10;68;3
541;2023-05-18 19:50:00;1;63;3
542;2023-05-18 19:50:00;8;92;3
543;2023-05-18 19:50:00;8;4;2
544;2023-05-18 19:50:00;15;74;3
545;2023-05-18 19:50:00;18;68;3
546;2023-05-18 19:50:00;9;47;3
547;2023-05-18 19:50:00;10;39;1
548;2023-05-18 19:50:00;19;94;2
549;2023-05-18 19:50:00;5;6;2
550;2023-05-18 19:50:00;10;63;2
551;2023-05-18 19:50:00;4;41;1
552;2023-05-18 19:50:00;9;65;3
553;2023-05-18 19:50:00;9;91;3
554;2023-05-18 19:50:00;13;43;1
555;2023-05-18 19:50:00;16;7;2
556;2023-05-18 19:50:00;17;74;2
557;2023-05-18 19:50:00;15;26;2
558;2023-05-18 19:50:00;2;45;2
559;2023-05-18 19:50:00;6;61;3
560;2023-05-18 19:50:00;2;73;1
561;2023-05-18 19:50:00;20;93;2
562;2023-05-18 19:50:00;5;19;3
563;2023-05-18 19:50:00;2;81;2
564;2023-05-18 19:50:00;18;40;1
565;2023-05-18 19:50:00;3;52;3
566;2023-05-18 19:50:00;8;29;1
567;2023-05-18 19:50:00;19;4;3
568;2023-05-18 19:50:00;18;20;1
569;2023-05-18 19:50:00;18;28;1
570;2023-05-18 19:50:00;10;58;3
571;2023-05-18 19:50:00;18;36;3
572;2023-05-18 19:50:00;5;44;1
573;2023-05-18 19:50:00;2;5;1
574;2023-05-18 19:50:00;7;67;1
575;2023-05-18 19:50:00;20;84;2
576;2023-05-18 19:50:00;7;43;2
577;2023-05-18 19:50:00;7;49;3
578;2023-05-18 19:50:00;13;52;1
579;2023-05-18 19:50:00;18;2;2
580;2023-05-18 19:50:00;16;78;3
581;2023-05-18 19:50:00;18;52;1
582;2023-05-18 19:50:00;5;53;2
583;2023-05-18 19:50:00;8;70;3
584;2023-05-18 19:50:00;2;21;3
585;2023-05-18 19:50:00;3;9;1
586;2023-05-18 19:50:00;2;39;2
587;2023-05-18 19:50:00;18;71;3
588;2023-05-18 19:50:00;7;11;1
589;2023-05-18 19:50:00;11;7;3
590;2023-05-18 19:50:00;8;22;1
591;2023-05-18 19:50:00;1;12;2
592;2023-05-18 19:50:00;1;84;1
593;2023-05-18 19:50:00;2;61;3
594;2023-05-18 19:50:00;20;83;1
595;2023-05-18 19:50:00;6;31;1
596;2023-05-18 19:50:00;4;73;2
597;2023-05-18 19:50:00;4;37;2
598;2023-05-18 19:50:00;20;64;2
599;2023-05-18 19:50:00;14;88;2
600;2023-05-18 19:50:00;6;44;2
601;2023-05-18 19:50:00;3;56;3
602;2023-05-18 19:50:00;8;43;1
603;2023-05-18 19:50:00;5;58;3
604;2023-05-18 19:50:00;18;20;3
605;2023-05-18 19:50:00;17;31;2
606;2023-05-18 19:50:00;3;49;3
607;2023-05-18 19:50:00;9;5;3
608;2023-05-18 19:50:00;6;47;1
609;2023-05-18 19:50:00;10;85;3
610;2023-05-18 19:50:00;7;51;2
611;2023-05-18 19:50:00;11;12;2
612;2023-05-18 19:50:00;7;63;1
613;2023-05-18 19:50:00;4;82;1
614;2023-05-18 19:50:00;2;3;2
615;2023-05-18 19:50:00;3;24;1
616;2023-05-18 19:50:00;17;16;3
617;2023-05-18 19:50:00;10;43;1
618;2023-05-18 19:50:00;14;20;2
619;2023-05-18 19:50:00;19;51;2
620;2023-05-18 19:50:00;14;28;2
621;2023-05-18 19:50:00;20;80;2
622;2023-05-18 19:50:00;18;42;3
623;2023-05-18 19:50:00;20;34;3
624;2023-05-18 19:50:00;8;55;1
625;2023-05-18 19:50:00;9;62;1
626;2023-05-18 19:50:00;5;38;1
627;2023-05-18 19:50:00;5;17;1
628;2023-05-18 19:50:00;5;17;3
629;2023-05-18 19:50:00;13;31;3
630;2023-05-18 19:50:00;16;18;3
631;2023-05-18 19:50:00;9;29;3
632;2023-05-18 19:50:00;14;25;2
633;2023-05-18 19:50:00;8;1;3
634;2023-05-18 19:50:00;5;90;2
635;2023-05-18 19:50:00;15;66;1
636;2023-05-18 19:50:00;5;78;3
637;2023-05-18 19:50:00;4;32;2
638;2023-05-18 19:50:00;9;23;1
639;2023-05-18 19:50:00;13;3;1
640;2023-05-18 19:50:00;11;72;3
641;2023-05-18 19:50:00;16;42;2
642;2023-05-18 19:50:00;12;50;3
643;2023-05-18 19:50:00;11;25;2
644;2023-05-18 19:50:00;2;93;3
645;2023-05-18 19:50:00;18;88;2
646;2023-05-18 19:50:00;15;91;3
647;2023-05-18 19:50:00;20;20;1
648;2023-05-18 19:50:00;10;38;3
649;2023-05-18 19:50:00;18;44;2
650;2023-05-18 19:50:00;5;41;3
651;2023-05-18 19:50:00;3;31;3
652;2023-05-18 19:50:00;10;6;1
653;2023-05-18 19:50:00;7;23;1
654;2023-05-18 19:50:00;16;60;2
655;2023-05-18 19:50:00;4;13;3
656;2023-05-18 19:50:00;6;91;2
657;2023-05-18 19:50:00;13;72;1
658;2023-05-18 19:50:00;4;31;1
659;2023-05-18 19:50:00;18;50;2
660;2023-05-18 19:50:00;2;28;1
661;2023-05-18 19:50:00;20;22;2
662;2023-05-18 19:50:00;9;84;3
663;2023-05-18 19:50:00;12;32;2
664;2023-05-18 19:50:00;2;20;2
665;2023-05-18 19:50:00;2;74;3
666;2023-05-18 19:50:00;17;73;3
667;2023-05-18 19:50:00;6;15;2
668;2023-05-18 19:50:00;16;31;2
669;2023-05-18 19:50:00;5;34;1
670;2023-05-18 19:50:00;7;94;1
671;2023-05-18 19:50:00;8;69;2
672;2023-05-18 19:50:00;11;82;3
673;2023-05-18 19:50:00;3;66;2
674;2023-05-18 19:50:00;9;7;1
675;2023-05-18 19:50:00;4;75;3
676;2023-05-18 19:50:00;11;30;1
677;2023-05-18 19:50:00;17;15;1
678;2023-05-18 19:50:00;7;53;2
679;2023-05-18 19:50:00;14;40;3
680;2023-05-18 19:50:00;10;37;2
681;2023-05-18 19:50:00;20;78;1
682;2023-05-18 19:50:00;12;19;3
683;2023-05-18 19:50:00;7;92;2
684;2023-05-18 19:50:00;13;45;1
685;2023-05-18 19:50:00;18;91;1
686;2023-05-18 19:50:00;2;58;2
687;2023-05-18 19:50:00;15;64;2
688;2023-05-18 19:50:00;8;11;3
689;2023-05-18 19:50:00;12;7;2
690;2023-05-18 19:50:00;10;86;2
691;2023-05-18 19:50:00;4;60;1
692;2023-05-18 19:50:00;16;79;3
693;2023-05-18 19:50:00;1;2;3
694;2023-05-18 19:50:00;6;39;2
695;2023-05-18 19:50:00;1;33;2
696;2023-05-18 19:50:00;7;76;1
697;2023-05-18 19:50:00;14;28;3
698;2023-05-18 19:50:00;6;7;3
699;2023-05-18 19:50:00;12;60;2
700;2023-05-18 19:50:00;14;23;3
701;2023-05-18 19:50:00;19;49;1
702;2023-05-18 19:50:00;8;19;2
703;2023-05-18 19:50:00;13;8;1
704;2023-05-18 19:50:00;15;63;2
705;2023-05-18 19:50:00;16;10;1
706;2023-05-18 19:50:00;5;39;3
707;2023-05-18 19:50:00;18;68;1
708;2023-05-18 19:50:00;7;1;3
709;2023-05-18 19:50:00;11;84;1
710;2023-05-18 19:50:00;13;93;2
711;2023-05-18 19:50:00;11;59;2
712;2023-05-18 19:50:00;17;25;1
713;2023-05-18 19:50:00;18;63;1
714;2023-05-18 19:50:00;2;22;3
715;2023-05-18 19:50:00;19;56;3
716;2023-05-18 19:50:00;20;82;2
717;2023-05-18 19:50:00;12;52;3
718;2023-05-18 19:50:00;20;78;2
719;2023-05-18 19:50:00;11;75;2
720;2023-05-18 19:50:00;15;92;3
721;2023-05-18 19:50:00;17;45;1
722;2023-05-18 19:50:00;12;89;1
723;2023-05-18 19:50:00;9;63;2
724;2023-05-18 19:50:00;20;30;2
725;2023-05-18 19:50:00;4;66;3
726;2023-05-18 19:50:00;8;90;1
727;2023-05-18 19:50:00;18;5;2
728;2023-05-18 19:50:00;6;7;1
729;2023-05-18 19:50:00;8;76;2
730;2023-05-18 19:50:00;5;51;3
731;2023-05-18 19:50:00;1;70;3
732;2023-05-18 19:50:00;9;14;2
733;2023-05-18 19:50:00;18;71;2
734;2023-05-18 19:50:00;20;52;3
735;2023-05-18 19:50:00;11;48;1
736;2023-05-18 19:50:00;7;10;1
737;2023-05-18 19:50:00;10;25;3
738;2023-05-18 19:50:00;8;35;3
739;2023-05-18 19:50:00;1;30;1
740;2023-05-18 19:50:00;1;90;2
741;2023-05-18 19:50:00;11;86;2
742;2023-05-18 19:50:00;20;75;1
743;2023-05-18 19:50:00;6;36;3
744;2023-05-18 19:50:00;20;87;3
745;2023-05-18 19:50:00;14;16;3
746;2023-05-18 19:50:00;17;80;1
747;2023-05-18 19:50:00;1;31;3
748;2023-05-18 19:50:00;12;9;2
749;2023-05-18 19:50:00;9;91;1
750;2023-05-18 19:50:00;1;84;1
751;2023-05-18 19:50:00;4;14;1
752;2023-05-18 19:50:00;7;5;1
753;2023-05-18 19:50:00;10;71;2
754;2023-05-18 19:50:00;13;78;3
755;2023-05-18 19:50:00;1;18;1
756;2023-05-18 19:50:00;15;68;2
757;2023-05-18 19:50:00;8;55;3
758;2023-05-18 19:50:00;13;68;3
759;2023-05-18 19:50:00;17;84;2
760;2023-05-18 19:50:00;19;29;3
761;2023-05-18 19:50:00;4;71;3
762;2023-05-18 19:50:00;7;65;2
763;2023-05-18 19:50:00;11;52;1
764;2023-05-18 19:50:00;5;73;3
765;2023-05-18 19:50:00;10;26;1
766;2023-05-18 19:50:00;8;8;2
767;2023-05-18 19:50:00;7;32;3
768;2023-05-18 19:50:00;8;73;1
769;2023-05-18 19:50:00;2;81;3
770;2023-05-18 19:50:00;10;48;1
771;2023-05-18 19:50:00;10;88;3
772;2023-05-18 19:50:00;11;45;2
773;2023-05-18 19:50:00;14;9;1
774;2023-05-18 19:50:00;11;37;3
775;2023-05-18 19:50:00;16;63;3
776;2023-05-18 19:50:00;7;6;2
777;2023-05-18 19:50:00;20;85;2
778;2023-05-18 19:50:00;9;60;2
779;2023-05-18 19:50:00;15;63;1
780;2023-05-18 19:50:00;13;77;1
781;2023-05-18 19:50:00;14;81;2
782;2023-05-18 19:50:00;10;75;3
783;2023-05-18 19:50:00;7;67;3
784;2023-05-18 19:50:00;12;53;3
785;2023-05-18 19:50:00;14;46;1
786;2023-05-18 19:50:00;12;25;3
787;2023-05-18 19:50:00;15;76;2
788;2023-05-18 19:50:00;20;94;1
789;2023-05-18 19:50:00;17;42;2
790;2023-05-18 19:50:00;17;50;3
791;2023-05-18 19:50:00;16;47;2
792;2023-05-18 19:50:00;18;8;1
793;2023-05-18 19:50:00;6;48;3
794;2023-05-18 19:50:00;11;76;3
795;2023-05-18 19:50:00;14;58;2
796;2023-05-18 19:50:00;6;47;1
797;2023-05-18 19:50:00;18;9;1
798;2023-05-18 19:50:00;7;41;3
799;2023-05-18 19:50:00;3;91;1
800;2023-05-18 19:50:00;5;70;3
801;2023-05-18 19:50:00;9;42;2
802;2023-05-18 19:50:00;19;19;3
803;2023-05-18 19:50:00;18;1;3
804;2023-05-18 19:50:00;2;37;1
805;2023-05-18 19:50:00;8;93;1
806;2023-05-18 19:50:00;11;77;1
807;2023-05-18 19:50:00;15;91;2
808;2023-05-18 19:50:00;16;24;3
809;2023-05-18 19:50:00;16;56;3
810;2023-05-18 19:50:00;6;78;3
811;2023-05-18 19:50:00;2;18;2
812;2023-05-18 19:50:00;11;91;3
813;2023-05-18 19:50:00;19;25;1
814;2023-05-18 19:50:00;10;78;3
815;2023-05-18 19:50:00;18;11;2
816;2023-05-18 19:50:00;5;61;3
817;2023-05-18 19:50:00;9;50;3
818;2023-05-18 19:50:00;1;32;2
819;2023-05-18 19:50:00;8;93;1
820;2023-05-18 19:50:00;14;44;3
821;2023-05-18 19:50:00;10;85;1
822;2023-05-18 19:50:00;14;33;1
823;2023-05-18 19:50:00;10;75;1
824;2023-05-18 19:50:00;3;75;3
825;2023-05-18 19:50:00;16;21;2
826;2023-05-18 19:50:00;11;77;2
827;2023-05-18 19:50:00;19;56;1
828;2023-05-18 19:50:00;11;66;3
829;2023-05-18 19:50:00;8;93;2
830;2023-05-18 19:50:00;1;8;3
831;2023-05-18 19:50:00;17;20;2
832;2023-05-18 19:50:00;4;16;3
833;2023-05-18 19:50:00;2;55;1
834;2023-05-18 19:50:00;9;64;2
835;2023-05-18 19:50:00;11;83;1
836;2023-05-18 19:50:00;13;89;3
837;2023-05-18 19:50:00;11;86;1
838;2023-05-18 19:50:00;15;17;1
839;2023-05-18 19:50:00;10;18;3
840;2023-05-18 19:50:00;15;65;3
841;2023-05-18 19:50:00;7;50;1
842;2023-05-18 19:50:00;1;80;1
843;2023-05-18 19:50:00;13;1;3
844;2023-05-18 19:50:00;7;12;3
845;2023-05-18 19:50:00;18;74;1
846;2023-05-18 19:50:00;14;13;1
847;2023-05-18 19:50:00;8;13;1
848;2023-05-18 19:50:00;17;64;1
849;2023-05-18 19:50:00;18;75;2
850;2023-05-18 19:50:00;9;67;2
851;2023-05-18 19:50:00;3;41;2
852;2023-05-18 19:50:00;8;93;2
853;2023-05-18 19:50:00;17;31;2
854;2023-05-18 19:50:00;13;60;1
855;2023-05-18 19:50:00;8;48;2
856;2023-05-18 19:50:00;20;27;1
857;2023-05-18 19:50:00;12;88;3
858;2023-05-18 19:50:00;11;21;2
859;2023-05-18 19:50:00;7;73;1
860;2023-05-18 19:50:00;6;1;1
861;2023-05-18 19:50:00;8;43;1
862;2023-05-18 19:50:00;17;57;3
863;2023-05-18 19:50:00;12;47;2
864;2023-05-18 19:50:00;15;59;2
865;2023-05-18 19:50:00;17;29;2
866;2023-05-18 19:50:00;7;49;2
867;2023-05-18 19:50:00;19;54;3
868;2023-05-18 19:50:00;8;94;3
869;2023-05-18 19:50:00;18;54;2
870;2023-05-18 19:50:00;5;5;3
871;2023-05-18 19:50:00;20;57;1
872;2023-05-18 19:50:00;13;27;1
873;2023-05-18 19:50:00;6;90;2
874;2023-05-18 19:50:00;4;8;3
875;2023-05-18 19:50:00;9;22;1
876;2023-05-18 19:50:00;15;93;3
877;2023-05-18 19:50:00;13;6;2
878;2023-05-18 19:50:00;14;15;2
879;2023-05-18 19:50:00;7;86;1
880;2023-05-18 19:50:00;2;66;1
881;2023-05-18 19:50:00;2;10;3
882;2023-05-18 19:50:00;2;4;3
883;2023-05-18 19:50:00;19;79;2
884;2023-05-18 19:50:00;1;87;2
885;2023-05-18 19:50:00;7;6;2
886;2023-05-18 19:50:00;12;73;1
887;2023-05-18 19:50:00;14;59;3
888;2023-05-18 19:50:00;8;58;1
889;2023-05-18 19:50:00;6;12;3
890;2023-05-18 19:50:00;6;37;1
891;2023-05-18 19:50:00;16;56;2
892;2023-05-18 19:50:00;8;48;1
893;2023-05-18 19:50:00;15;16;1
894;2023-05-18 19:50:00;3;7;2
895;2023-05-18 19:50:00;12;3;2
896;2023-05-18 19:50:00;19;79;3
897;2023-05-18 19:50:00;14;44;3
898;2023-05-18 19:50:00;14;33;3
899;2023-05-18 19:50:00;3;24;1
900;2023-05-18 19:50:00;8;6;2
901;2023-05-18 19:50:00;7;82;3
902;2023-05-18 19:50:00;2;5;1
903;2023-05-18 19:50:00;16;70;2
904;2023-05-18 19:50:00;11;55;3
905;2023-05-18 19:50:00;9;60;1
906;2023-05-18 19:50:00;6;75;3
907;2023-05-18 19:50:00;16;26;1
908;2023-05-18 19:50:00;5;33;1
909;2023-05-18 19:50:00;18;8;2
910;2023-05-18 19:50:00;7;22;3
911;2023-05-18 19:50:00;3;12;3
912;2023-05-18 19:50:00;10;5;1
913;2023-05-18 19:50:00;13;84;1
914;2023-05-18 19:50:00;7;59;2
915;2023-05-18 19:50:00;20;92;1
916;2023-05-18 19:50:00;9;88;3
917;2023-05-18 19:50:00;9;93;1
918;2023-05-18 19:50:00;4;52;2
919;2023-05-18 19:50:00;16;35;2
920;2023-05-18 19:50:00;6;43;2
921;2023-05-18 19:50:00;20;36;3
922;2023-05-18 19:50:00;3;90;2
923;2023-05-18 19:50:00;13;42;2
924;2023-05-18 19:50:00;12;12;3
925;2023-05-18 19:50:00;15;24;2
926;2023-05-18 19:50:00;8;80;3
927;2023-05-18 19:50:00;10;40;2
928;2023-05-18 19:50:00;3;33;1
929;2023-05-18 19:50:00;7;44;3
930;2023-05-18 19:50:00;11;46;1
931;2023-05-18 19:50:00;11;45;3
932;2023-05-18 19:50:00;2;4;3
933;2023-05-18 19:50:00;11;67;2
934;2023-05-18 19:50:00;16;51;1
935;2023-05-18 19:50:00;17;76;2
936;2023-05-18 19:50:00;2;26;3
937;2023-05-18 19:50:00;4;12;3
938;2023-05-18 19:50:00;3;47;3
939;2023-05-18 19:50:00;3;85;1
940;2023-05-18 19:50:00;10;52;1
941;2023-05-18 19:50:00;15;56;1
942;2023-05-18 19:50:00;13;90;3
943;2023-05-18 19:50:00;20;61;2
944;2023-05-18 19:50:00;11;86;1
945;2023-05-18 19:50:00;10;78;2
946;2023-05-18 19:50:00;9;55;3
947;2023-05-18 19:50:00;12;89;3
948;2023-05-18 19:50:00;4;52;2
949;2023-05-18 19:50:00;3;12;2
950;2023-05-18 19:50:00;17;74;1
951;2023-05-18 19:50:00;3;3;1
952;2023-05-18 19:50:00;1;60;2
953;2023-05-18 19:50:00;18;51;1
954;2023-05-18 19:50:00;10;27;2
955;2023-05-18 19:50:00;8;55;1
956;2023-05-18 19:50:00;13;42;3
957;2023-05-18 19:50:00;14;40;1
958;2023-05-18 19:50:00;5;60;1
959;2023-05-18 19:50:00;2;5;2
960;2023-05-18 19:50:00;13;57;2
961;2023-05-18 19:50:00;16;8;2
962;2023-05-18 19:50:00;7;82;2
963;2023-05-18 19:50:00;16;47;3
964;2023-05-18 19:50:00;20;79;2
965;2023-05-18 19:50:00;13;88;2
966;2023-05-18 19:50:00;18;12;2
967;2023-05-18 19:50:00;2;8;3
968;2023-05-18 19:50:00;18;92;1
969;2023-05-18 19:50:00;3;25;2
970;2023-05-18 19:50:00;10;60;1
971;2023-05-18 19:50:00;10;53;3
972;2023-05-18 19:50:00;4;47;1
973;2023-05-18 19:50:00;9;24;2
974;2023-05-18 19:50:00;5;57;2
975;2023-05-18 19:50:00;14;46;2
976;2023-05-18 19:50:00;9;2;3
977;2023-05-18 19:50:00;11;93;2
978;2023-05-18 19:50:00;2;53;1
979;2023-05-18 19:50:00;13;14;1
980;2023-05-18 19:50:00;2;68;2
981;2023-05-18 19:50:00;17;62;3
982;2023-05-18 19:50:00;6;45;1
983;2023-05-18 19:50:00;19;70;3
984;2023-05-18 19:50:00;17;4;1
985;2023-05-18 19:50:00;13;12;3
986;2023-05-18 19:50:00;13;94;3
987;2023-05-18 19:50:00;12;5;2
988;2023-05-18 19:50:00;12;90;2
989;2023-05-18 19:50:00;9;51;3
990;2023-05-18 19:50:00;11;7;1
991;2023-05-18 19:50:00;18;46;3
992;2023-05-18 19:50:00;19;43;2
993;2023-05-18 19:50:00;9;58;1
994;2023-05-18 19:50:00;19;86;1
995;2023-05-18 19:50:00;6;37;3
996;2023-05-18 19:50:00;18;82;3
997;2023-05-18 19:50:00;20;79;3
998;2023-05-18 19:50:00;20;91;1
999;2023-05-18 19:50:00;17;64;3
1000;2023-05-18 19:50:00;4;23;3
1001;2023-05-18 19:50:00;15;37;1
1002;2023-05-18 19:50:00;8;45;3
1003;2023-05-18 19:50:00;5;24;3
1004;2023-05-18 19:50:00;3;7;1
1005;2023-05-18 19:50:00;16;52;1
1006;2023-05-18 19:50:00;6;54;1
1007;2023-05-18 19:50:00;12;91;2
1008;2023-05-18 19:50:00;20;38;1
1009;2023-05-18 19:50:00;7;45;1
1010;2023-05-18 19:50:00;6;79;1
1011;2023-05-18 19:50:00;10;11;2
1012;2023-05-18 19:50:00;15;24;1
1013;2023-05-18 19:50:00;14;39;1
1014;2023-05-18 19:50:00;2;13;3
1015;2023-05-18 19:50:00;5;44;2
1016;2023-05-18 19:50:00;1;19;2
1017;2023-05-18 19:50:00;3;31;2
1018;2023-05-18 19:50:00;19;1;2
1019;2023-05-18 19:50:00;17;20;2
1020;2023-05-18 19:50:00;8;32;3
1021;2023-05-18 19:50:00;9;6;3
1022;2023-05-18 19:50:00;11;64;2
1023;2023-05-18 19:50:00;11;49;3
1024;2023-05-18 19:50:00;8;67;2
1025;2023-05-18 19:50:00;2;6;2
1026;2023-05-18 19:50:00;7;19;2
1027;2023-05-18 19:50:00;9;66;2
1028;2023-05-18 19:50:00;9;70;1
1029;2023-05-18 19:50:00;12;39;3
1030;2023-05-18 19:50:00;13;62;1
1031;2023-05-18 19:50:00;17;80;3
1032;2023-05-18 19:50:00;16;89;1
1033;2023-05-18 19:50:00;11;11;2
1034;2023-05-18 19:50:00;10;26;2
1035;2023-05-18 19:50:00;8;60;1
1036;2023-05-18 19:50:00;1;85;3
1037;2023-05-18 19:50:00;7;47;2
1038;2023-05-18 19:50:00;8;72;3
1039;2023-05-18 19:50:00;12;2;3
1040;2023-05-18 19:50:00;17;67;2
1041;2023-05-18 19:50:00;14;73;2
1042;2023-05-18 19:50:00;7;79;3
1043;2023-05-18 19:50:00;15;3;2
1044;2023-05-18 19:50:00;19;7;2
1045;2023-05-18 19:50:00;20;39;2
1046;2023-05-18 19:50:00;4;94;3
1047;2023-05-18 19:50:00;15;37;2
1048;2023-05-18 19:50:00;9;86;1
1049;2023-05-18 19:50:00;5;40;2
1050;2023-05-18 19:50:00;10;16;2
1051;2023-05-18 19:50:00;4;79;3
1052;2023-05-18 19:50:00;6;57;1
1053;2023-05-18 19:50:00;12;1;1
1054;2023-05-18 19:50:00;14;66;1
1055;2023-05-18 19:50:00;7;60;3
1056;2023-05-18 19:50:00;16;62;1
1057;2023-05-18 19:50:00;11;35;2
1058;2023-05-18 19:50:00;7;89;2
1059;2023-05-18 19:50:00;2;9;2
1060;2023-05-18 19:50:00;15;30;2
1061;2023-05-18 19:50:00;1;49;2
1062;2023-05-18 19:50:00;11;55;1
1063;2023-05-18 19:50:00;17;88;1
1064;2023-05-18 19:50:00;8;6;3
1065;2023-05-18 19:50:00;15;26;2
1066;2023-05-18 19:50:00;6;87;1
1067;2023-05-18 19:50:00;10;36;3
1068;2023-05-18 19:50:00;17;81;1
1069;2023-05-18 19:50:00;19;54;1
1070;2023-05-18 19:50:00;20;24;3
1071;2023-05-18 19:50:00;7;20;3
1072;2023-05-18 19:50:00;4;48;3
1073;2023-05-18 19:50:00;1;41;1
1074;2023-05-18 19:50:00;11;74;3
1075;2023-05-18 19:50:00;7;26;3
1076;2023-05-18 19:50:00;15;9;2
1077;2023-05-18 19:50:00;4;4;1
1078;2023-05-18 19:50:00;16;37;3
1079;2023-05-18 19:50:00;19;38;1
1080;2023-05-18 19:50:00;16;50;2
1081;2023-05-18 19:50:00;18;86;1
1082;2023-05-18 19:50:00;2;18;1
1083;2023-05-18 19:50:00;15;2;3
1084;2023-05-18 19:50:00;11;87;1
1085;2023-05-18 19:50:00;9;62;2
1086;2023-05-18 19:50:00;8;1;3
1087;2023-05-18 19:50:00;18;7;2
1088;2023-05-18 19:50:00;10;37;1
1089;2023-05-18 19:50:00;6;33;3
1090;2023-05-18 19:50:00;16;14;2
1091;2023-05-18 19:50:00;20;79;1
1092;2023-05-18 19:50:00;14;7;3
1093;2023-05-18 19:50:00;20;30;2
1094;2023-05-18 19:50:00;10;79;2
1095;2023-05-18 19:50:00;14;38;1
1096;2023-05-18 19:50:00;17;82;1
1097;2023-05-18 19:50:00;13;34;1
1098;2023-05-18 19:50:00;12;72;3
1099;2023-05-18 19:50:00;13;3;1
1100;2023-05-18 19:50:00;4;30;2
1101;2023-05-18 19:50:00;15;57;2
1102;2023-05-18 19:50:00;7;39;3
1103;2023-05-18 19:50:00;18;60;2
1104;2023-05-18 19:50:00;3;24;3
1105;2023-05-18 19:50:00;20;15;2
1106;2023-05-18 19:50:00;9;61;3
1107;2023-05-18 19:50:00;12;19;2
1108;2023-05-18 19:50:00;12;54;1
1109;2023-05-18 19:50:00;17;54;2
1110;2023-05-18 19:50:00;11;4;1
1111;2023-05-18 19:50:00;19;15;3
1112;2023-05-18 19:50:00;10;54;3
1113;2023-05-18 19:50:00;13;14;3
1114;2023-05-18 19:50:00;12;27;1
1115;2023-05-18 19:50:00;11;18;2
1116;2023-05-18 19:50:00;6;31;1
1117;2023-05-18 19:50:00;14;85;2
1118;2023-05-18 19:50:00;9;13;3
1119;2023-05-18 19:50:00;18;51;2
1120;2023-05-18 19:50:00;12;7;2
1121;2023-05-18 19:50:00;16;6;2
1122;2023-05-18 19:50:00;16;18;1
1123;2023-05-18 19:50:00;17;10;3
1124;2023-05-18 19:50:00;16;77;1
1125;2023-05-18 19:50:00;13;81;3
1126;2023-05-18 19:50:00;5;49;2
1127;2023-05-18 19:50:00;12;13;1
1128;2023-05-18 19:50:00;19;3;1
1129;2023-05-18 19:50:00;2;7;3
1130;2023-05-18 19:50:00;7;69;3
1131;2023-05-18 19:50:00;7;80;3
1132;2023-05-18 19:50:00;16;24;1
1133;2023-05-18 19:50:00;5;79;3
1134;2023-05-18 19:50:00;9;91;2
1135;2023-05-18 19:50:00;15;77;2
1136;2023-05-18 19:50:00;14;59;3
1137;2023-05-18 19:50:00;17;61;3
1138;2023-05-18 19:50:00;3;72;2
1139;2023-05-18 19:50:00;5;35;3
1140;2023-05-18 19:50:00;16;14;3
1141;2023-05-18 19:50:00;3;61;1
1142;2023-05-18 19:50:00;6;63;2
1143;2023-05-18 19:50:00;15;22;3
1144;2023-05-18 19:50:00;4;94;2
1145;2023-05-18 19:50:00;14;34;3
1146;2023-05-18 19:50:00;16;17;3
1147;2023-05-18 19:50:00;13;80;1
1148;2023-05-18 19:50:00;15;80;2
1149;2023-05-18 19:50:00;15;56;2
1150;2023-05-18 19:50:00;6;25;2
1151;2023-05-18 19:50:00;7;37;2
1152;2023-05-18 19:50:00;17;87;1
1153;2023-05-18 19:50:00;17;74;3
1154;2023-05-18 19:50:00;5;60;3
1155;2023-05-18 19:50:00;13;12;1
1156;2023-05-18 19:50:00;5;78;1
1157;2023-05-18 19:50:00;5;73;2
1158;2023-05-18 19:50:00;6;9;1
1159;2023-05-18 19:50:00;16;29;1
1160;2023-05-18 19:50:00;16;19;1
1161;2023-05-18 19:50:00;2;34;2
1162;2023-05-18 19:50:00;1;43;3
1163;2023-05-18 19:50:00;17;33;3
1164;2023-05-18 19:50:00;6;50;3
1165;2023-05-18 19:50:00;1;49;3
1166;2023-05-18 19:50:00;17;46;1
1167;2023-05-18 19:50:00;10;67;2
1168;2023-05-18 19:50:00;7;36;2
1169;2023-05-18 19:50:00;20;62;1
1170;2023-05-18 19:50:00;12;91;2
1171;2023-05-18 19:50:00;1;31;2
1172;2023-05-18 19:50:00;4;6;2
1173;2023-05-18 19:50:00;8;33;2
1174;2023-05-18 19:50:00;16;34;1
1175;2023-05-18 19:50:00;3;12;3
1176;2023-05-18 19:50:00;18;16;2
1177;2023-05-18 19:50:00;7;47;3
1178;2023-05-18 19:50:00;5;48;2
1179;2023-05-18 19:50:00;10;86;3
1180;2023-05-18 19:50:00;17;28;1
1181;2023-05-18 19:50:00;7;42;2
1182;2023-05-18 19:50:00;19;61;3
1183;2023-05-18 19:50:00;6;86;2
1184;2023-05-18 19:50:00;17;61;1
1185;2023-05-18 19:50:00;18;64;3
1186;2023-05-18 19:50:00;7;46;1
1187;2023-05-18 19:50:00;5;81;3
1188;2023-05-18 19:50:00;19;6;3
1189;2023-05-18 19:50:00;7;69;2
1190;2023-05-18 19:50:00;1;53;3
1191;2023-05-18 19:50:00;7;48;1
1192;2023-05-18 19:50:00;7;74;2
1193;2023-05-18 19:50:00;15;16;1
1194;2023-05-18 19:50:00;19;11;2
1195;2023-05-18 19:50:00;8;75;3
1196;2023-05-18 19:50:00;13;71;3
1197;2023-05-18 19:50:00;12;77;1
1198;2023-05-18 19:50:00;15;57;3
1199;2023-05-18 19:50:00;11;27;1
1200;2023-05-18 19:50:00;16;51;3
1201;2023-05-18 19:50:00;8;15;2
1202;2023-05-18 19:50:00;11;42;3
1203;2023-05-18 19:50:00;20;44;1
1204;2023-05-18 19:50:00;20;78;2
1205;2023-05-18 19:50:00;2;53;2
1206;2023-05-18 19:50:00;4;27;2
1207;2023-05-18 19:50:00;5;5;1
1208;2023-05-18 19:50:00;13;77;3
1209;2023-05-18 19:50:00;5;51;1
1210;2023-05-18 19:50:00;13;6;2
1211;2023-05-18 19:50:00;1;58;1
1212;2023-05-18 19:50:00;2;49;3
1213;2023-05-18 19:50:00;15;46;3
1214;2023-05-18 19:50:00;7;51;2
1215;2023-05-18 19:50:00;8;49;1
1216;2023-05-18 19:50:00;9;46;3
1217;2023-05-18 19:50:00;20;81;2
1218;2023-05-18 19:50:00;16;44;3
1219;2023-05-18 19:50:00;20;49;3
1220;2023-05-18 19:50:00;8;21;1
1221;2023-05-18 19:50:00;1;94;3
1222;2023-05-18 19:50:00;4;2;2
1223;2023-05-18 19:50:00;1;45;2
1224;2023-05-18 19:50:00;9;41;1
1225;2023-05-18 19:50:00;3;85;1
1226;2023-05-18 19:50:00;4;5;2
1227;2023-05-18 19:50:00;9;8;2
1228;2023-05-18 19:50:00;10;55;3
1229;2023-05-18 19:50:00;14;59;2
1230;2023-05-18 19:50:00;19;30;1
1231;2023-05-18 19:50:00;2;28;1
1232;2023-05-18 19:50:00;8;56;2
1233;2023-05-18 19:50:00;8;46;2
1234;2023-05-18 19:50:00;18;62;2
1235;2023-05-18 19:50:00;15;13;3
1236;2023-05-18 19:50:00;10;60;2
1237;2023-05-18 19:50:00;16;92;1
1238;2023-05-18 19:50:00;11;71;2
1239;2023-05-18 19:50:00;2;89;3
1240;2023-05-18 19:50:00;10;57;3
1241;2023-05-18 19:50:00;14;45;2
1242;2023-05-18 19:50:00;6;50;1
1243;2023-05-18 19:50:00;19;29;2
1244;2023-05-18 19:50:00;13;93;3
1245;2023-05-18 19:50:00;18;91;2
1246;2023-05-18 19:50:00;14;75;1
1247;2023-05-18 19:50:00;4;79;2
1248;2023-05-18 19:50:00;9;90;1
1249;2023-05-18 19:50:00;16;44;2
1250;2023-05-18 19:50:00;19;11;1
1251;2023-05-18 19:50:00;17;71;2
1252;2023-05-18 19:50:00;18;66;2
1253;2023-05-18 19:50:00;18;68;1
1254;2023-05-18 19:50:00;19;84;1
1255;2023-05-18 19:50:00;20;53;1
1256;2023-05-18 19:50:00;13;21;3
1257;2023-05-18 19:50:00;10;58;3
1258;2023-05-18 19:50:00;1;31;3
1259;2023-05-18 19:50:00;20;9;1
1260;2023-05-18 19:50:00;7;76;2
1261;2023-05-18 19:50:00;5;51;2
1262;2023-05-18 19:50:00;17;43;2
1263;2023-05-18 19:50:00;17;65;3
1264;2023-05-18 19:50:00;19;64;3
1265;2023-05-18 19:50:00;3;44;3
1266;2023-05-18 19:50:00;11;60;3
1267;2023-05-18 19:50:00;9;45;1
1268;2023-05-18 19:50:00;7;26;2
1269;2023-05-18 19:50:00;6;43;1
1270;2023-05-18 19:50:00;1;43;1
1271;2023-05-18 19:50:00;16;20;3
1272;2023-05-18 19:50:00;6;73;2
1273;2023-05-18 19:50:00;3;74;2
1274;2023-05-18 19:50:00;12;61;2
1275;2023-05-18 19:50:00;20;50;1
1276;2023-05-18 19:50:00;20;67;2
1277;2023-05-18 19:50:00;13;5;2
1278;2023-05-18 19:50:00;17;91;1
1279;2023-05-18 19:50:00;4;47;2
1280;2023-05-18 19:50:00;8;12;3
1281;2023-05-18 19:50:00;13;57;3
1282;2023-05-18 19:50:00;19;47;2
1283;2023-05-18 19:50:00;14;69;2
1284;2023-05-18 19:50:00;17;10;2
1285;2023-05-18 19:50:00;14;63;2
1286;2023-05-18 19:50:00;15;59;1
1287;2023-05-18 19:50:00;10;57;2
1288;2023-05-18 19:50:00;16;62;2
1289;2023-05-18 19:50:00;17;46;3
1290;2023-05-18 19:50:00;2;60;1
1291;2023-05-18 19:50:00;1;23;2
1292;2023-05-18 19:50:00;11;1;3
1293;2023-05-18 19:50:00;19;70;2
1294;2023-05-18 19:50:00;8;10;3
1295;2023-05-18 19:50:00;17;68;3
1296;2023-05-18 19:50:00;9;71;1
1297;2023-05-18 19:50:00;6;70;1
1298;2023-05-18 19:50:00;1;93;2
1299;2023-05-18 19:50:00;20;43;2
1300;2023-05-18 19:50:00;9;58;3
1301;2023-05-18 19:50:00;18;42;1
1302;2023-05-18 19:50:00;14;94;1
1303;2023-05-18 19:50:00;4;24;3
1304;2023-05-18 19:50:00;14;87;1
1305;2023-05-18 19:50:00;20;79;1
1306;2023-05-18 19:50:00;16;19;3
1307;2023-05-18 19:50:00;3;3;1
1308;2023-05-18 19:50:00;16;21;2
1309;2023-05-18 19:50:00;17;72;2
1310;2023-05-18 19:50:00;7;29;3
1311;2023-05-18 19:50:00;1;6;3
1312;2023-05-18 19:50:00;11;39;1
1313;2023-05-18 19:50:00;11;77;3
1314;2023-05-18 19:50:00;10;88;1
1315;2023-05-18 19:50:00;4;44;3
1316;2023-05-18 19:50:00;15;70;1
1317;2023-05-18 19:50:00;9;8;1
1318;2023-05-18 19:50:00;17;64;3
1319;2023-05-18 19:50:00;13;83;1
1320;2023-05-18 19:50:00;4;3;2
1321;2023-05-18 19:50:00;7;20;3
1322;2023-05-18 19:50:00;9;81;3
1323;2023-05-18 19:50:00;6;89;3
1324;2023-05-18 19:50:00;20;91;2
1325;2023-05-18 19:50:00;19;4;1
1326;2023-05-18 19:50:00;4;32;2
1327;2023-05-18 19:50:00;20;1;2
1328;2023-05-18 19:50:00;20;13;1
1329;2023-05-18 19:50:00;18;6;1
1330;2023-05-18 19:50:00;1;63;2
1331;2023-05-18 19:50:00;1;40;3
1332;2023-05-18 19:50:00;8;5;3
1333;2023-05-18 19:50:00;6;39;2
1334;2023-05-18 19:50:00;9;62;2
1335;2023-05-18 19:50:00;14;1;1
1336;2023-05-18 19:50:00;2;57;1
1337;2023-05-18 19:50:00;5;26;2
1338;2023-05-18 19:50:00;1;84;2
1339;2023-05-18 19:50:00;18;60;2
1340;2023-05-18 19:50:00;1;47;1
1341;2023-05-18 19:50:00;13;9;3
1342;2023-05-18 19:50:00;20;3;2
1343;2023-05-18 19:50:00;7;31;3
1344;2023-05-18 19:50:00;19;32;1
1345;2023-05-18 19:50:00;9;48;3
1346;2023-05-18 19:50:00;9;62;3
1347;2023-05-18 19:50:00;9;35;1
1348;2023-05-18 19:50:00;1;34;3
1349;2023-05-18 19:50:00;16;2;2
1350;2023-05-18 19:50:00;5;21;3
1351;2023-05-18 19:50:00;12;29;2
1352;2023-05-18 19:50:00;20;13;1
1353;2023-05-18 19:50:00;19;12;3
1354;2023-05-18 19:50:00;7;31;3
1355;2023-05-18 19:50:00;14;32;1
1356;2023-05-18 19:50:00;6;38;1
1357;2023-05-18 19:50:00;4;22;1
1358;2023-05-18 19:50:00;10;87;2
1359;2023-05-18 19:50:00;11;26;2
1360;2023-05-18 19:50:00;1;22;1
1361;2023-05-18 19:50:00;10;54;1
1362;2023-05-18 19:50:00;1;24;1
1363;2023-05-18 19:50:00;19;49;3
1364;2023-05-18 19:50:00;13;19;3
1365;2023-05-18 19:50:00;16;2;1
1366;2023-05-18 19:50:00;9;29;3
1367;2023-05-18 19:50:00;15;87;3
1368;2023-05-18 19:50:00;10;42;2
1369;2023-05-18 19:50:00;3;50;1
1370;2023-05-18 19:50:00;4;82;1
1371;2023-05-18 19:50:00;11;76;2
1372;2023-05-18 19:50:00;20;19;3
1373;2023-05-18 19:50:00;3;89;2
1374;2023-05-18 19:50:00;1;11;3
1375;2023-05-18 19:50:00;12;56;2
1376;2023-05-18 19:50:00;16;59;3
1377;2023-05-18 19:50:00;17;94;2
1378;2023-05-18 19:50:00;14;41;3
1379;2023-05-18 19:50:00;10;44;3
1380;2023-05-18 19:50:00;15;17;1
1381;2023-05-18 19:50:00;5;17;1
1382;2023-05-18 19:50:00;7;24;1
1383;2023-05-18 19:50:00;20;1;1
1384;2023-05-18 19:50:00;2;94;3
1385;2023-05-18 19:50:00;4;63;1
1386;2023-05-18 19:50:00;1;87;2
1387;2023-05-18 19:50:00;11;65;1
1388;2023-05-18 19:50:00;3;57;3
1389;2023-05-18 19:50:00;7;15;2
1390;2023-05-18 19:50:00;5;84;2
1391;2023-05-18 19:50:00;8;65;3
1392;2023-05-18 19:50:00;13;87;3
1393;2023-05-18 19:50:00;4;18;1
1394;2023-05-18 19:50:00;14;85;1
1395;2023-05-18 19:50:00;7;94;3
1396;2023-05-18 19:50:00;6;54;2
1397;2023-05-18 19:50:00;12;62;1
1398;2023-05-18 19:50:00;5;14;2
1399;2023-05-18 19:50:00;19;1;2
1400;2023-05-18 19:50:00;19;47;3
1401;2023-05-18 19:50:00;19;64;3
1402;2023-05-18 19:50:00;20;40;3
1403;2023-05-18 19:50:00;6;94;2
1404;2023-05-18 19:50:00;2;25;2
1405;2023-05-18 19:50:00;19;70;2
1406;2023-05-18 19:50:00;11;28;1
1407;2023-05-18 19:50:00;12;5;3
1408;2023-05-18 19:50:00;13;42;3
1409;2023-05-18 19:50:00;3;21;2
1410;2023-05-18 19:50:00;9;49;1
1411;2023-05-18 19:50:00;9;53;2
1412;2023-05-18 19:50:00;6;58;1
1413;2023-05-18 19:50:00;11;77;3
1414;2023-05-18 19:50:00;10;65;2
1415;2023-05-18 19:50:00;7;36;1
1416;2023-05-18 19:50:00;17;84;3
1417;2023-05-18 19:50:00;14;81;1
1418;2023-05-18 19:50:00;11;84;3
1419;2023-05-18 19:50:00;16;17;2
1420;2023-05-18 19:50:00;13;51;2
1421;2023-05-18 19:50:00;9;78;3
1422;2023-05-18 19:50:00;4;45;1
1423;2023-05-18 19:50:00;11;49;3
1424;2023-05-18 19:50:00;2;90;2
1425;2023-05-18 19:50:00;4;21;1
1426;2023-05-18 19:50:00;4;30;3
1427;2023-05-18 19:50:00;3;79;1
1428;2023-05-18 19:50:00;18;82;3
1429;2023-05-18 19:50:00;4;15;1
1430;2023-05-18 19:50:00;11;51;3
1431;2023-05-18 19:50:00;2;88;1
1432;2023-05-18 19:50:00;10;68;1
1433;2023-05-18 19:50:00;6;78;3
1434;2023-05-18 19:50:00;13;65;3
1435;2023-05-18 19:50:00;10;17;2
1436;2023-05-18 19:50:00;20;59;2
1437;2023-05-18 19:50:00;4;20;1
1438;2023-05-18 19:50:00;6;32;2
1439;2023-05-18 19:50:00;6;92;2
1440;2023-05-18 19:50:00;6;75;2
1441;2023-05-18 19:50:00;17;70;1
1442;2023-05-18 19:50:00;17;91;3
1443;2023-05-18 19:50:00;19;27;2
1444;2023-05-18 19:50:00;17;74;3
1445;2023-05-18 19:50:00;13;19;2
1446;2023-05-18 19:50:00;16;31;1
1447;2023-05-18 19:50:00;15;11;2
1448;2023-05-18 19:50:00;6;5;1
1449;2023-05-18 19:50:00;15;70;2
1450;2023-05-18 19:50:00;11;16;1
1451;2023-05-18 19:50:00;1;18;1
1452;2023-05-18 19:50:00;13;79;3
1453;2023-05-18 19:50:00;20;29;3
1454;2023-05-18 19:50:00;6;87;2
1455;2023-05-18 19:50:00;16;72;2
1456;2023-05-18 19:50:00;20;29;1
1457;2023-05-18 19:50:00;8;90;3
1458;2023-05-18 19:50:00;19;87;1
1459;2023-05-18 19:50:00;6;15;1
1460;2023-05-18 19:50:00;11;91;3
1461;2023-05-18 19:50:00;4;12;1
1462;2023-05-18 19:50:00;8;31;3
1463;2023-05-18 19:50:00;20;61;2
1464;2023-05-18 19:50:00;7;41;3
1465;2023-05-18 19:50:00;20;27;3
1466;2023-05-18 19:50:00;9;70;1
1467;2023-05-18 19:50:00;14;52;2
1468;2023-05-18 19:50:00;20;4;3
1469;2023-05-18 19:50:00;17;49;3
1470;2023-05-18 19:50:00;11;16;1
1471;2023-05-18 19:50:00;13;8;3
1472;2023-05-18 19:50:00;2;38;1
1473;2023-05-18 19:50:00;19;47;2
1474;2023-05-18 19:50:00;15;3;3
1475;2023-05-18 19:50:00;12;20;2
1476;2023-05-18 19:50:00;5;66;2
1477;2023-05-18 19:50:00;3;54;3
1478;2023-05-18 19:50:00;12;55;2
1479;2023-05-18 19:50:00;8;45;3
1480;2023-05-18 19:50:00;5;79;3
1481;2023-05-18 19:50:00;18;10;1
1482;2023-05-18 19:50:00;20;39;1
1483;2023-05-18 19:50:00;2;69;2
1484;2023-05-18 19:50:00;1;1;2
1485;2023-05-18 19:50:00;17;87;1
1486;2023-05-18 19:50:00;14;52;1
1487;2023-05-18 19:50:00;8;2;3
1488;2023-05-18 19:50:00;20;18;3
1489;2023-05-18 19:50:00;3;84;2
1490;2023-05-18 19:50:00;6;55;1
1491;2023-05-18 19:50:00;9;49;3
1492;2023-05-18 19:50:00;12;79;1
1493;2023-05-18 19:50:00;17;28;3
1494;2023-05-18 19:50:00;13;8;2
1495;2023-05-18 19:50:00;10;5;3
1496;2023-05-18 19:50:00;3;83;2
1497;2023-05-18 19:50:00;16;54;2
1498;2023-05-18 19:50:00;16;65;2
1499;2023-05-18 19:50:00;19;75;1
1500;2023-05-18 19:50:00;14;65;1
1501;2023-05-18 19:50:00;18;21;1
1502;2023-05-18 19:50:00;13;3;3
1503;2023-05-18 19:50:00;6;54;2
1504;2023-05-18 19:50:00;9;76;1
1505;2023-05-18 19:50:00;6;38;3
1506;2023-05-18 19:50:00;17;77;1
1507;2023-05-18 19:50:00;18;60;2
1508;2023-05-18 19:50:00;6;33;2
1509;2023-05-18 19:50:00;10;59;2
1510;2023-05-18 19:50:00;17;78;1
1511;2023-05-18 19:50:00;1;54;1
1512;2023-05-18 19:50:00;6;50;3
1513;2023-05-18 19:50:00;5;82;3
1514;2023-05-18 19:50:00;11;45;1
1515;2023-05-18 19:50:00;7;40;3
1516;2023-05-18 19:50:00;12;30;3
1517;2023-05-18 19:50:00;14;86;2
1518;2023-05-18 19:50:00;7;53;3
1519;2023-05-18 19:50:00;12;19;3
1520;2023-05-18 19:50:00;1;4;3
1521;2023-05-18 19:50:00;5;30;2
1522;2023-05-18 19:50:00;19;55;2
1523;2023-05-18 19:50:00;4;16;1
1524;2023-05-18 19:50:00;11;11;2
1525;2023-05-18 19:50:00;3;82;3
1526;2023-05-18 19:50:00;14;78;2
1527;2023-05-18 19:50:00;1;7;3
1528;2023-05-18 19:50:00;8;72;3
1529;2023-05-18 19:50:00;18;78;1
1530;2023-05-18 19:50:00;19;52;2
1531;2023-05-18 19:50:00;20;52;3
1532;2023-05-18 19:50:00;1;85;3
1533;2023-05-18 19:50:00;8;10;2
1534;2023-05-18 19:50:00;18;31;1
1535;2023-05-18 19:50:00;13;91;1
1536;2023-05-18 19:50:00;12;19;2
1537;2023-05-18 19:50:00;2;41;2
1538;2023-05-18 19:50:00;6;32;3
1539;2023-05-18 19:50:00;16;94;2
1540;2023-05-18 19:50:00;20;6;1
1541;2023-05-18 19:50:00;15;48;2
1542;2023-05-18 19:50:00;6;17;2
1543;2023-05-18 19:50:00;18;75;1
1544;2023-05-18 19:50:00;5;45;1
1545;2023-05-18 19:50:00;1;61;3
1546;2023-05-18 19:50:00;20;70;1
1547;2023-05-18 19:50:00;20;60;2
1548;2023-05-18 19:50:00;1;38;3
1549;2023-05-18 19:50:00;14;25;1
1550;2023-05-18 19:50:00;6;41;1
1551;2023-05-18 19:50:00;3;93;1
1552;2023-05-18 19:50:00;11;35;2
1553;2023-05-18 19:50:00;10;74;2
1554;2023-05-18 19:50:00;2;52;3
1555;2023-05-18 19:50:00;2;1;3
1556;2023-05-18 19:50:00;14;31;1
1557;2023-05-18 19:50:00;20;14;1
1558;2023-05-18 19:50:00;16;52;2
1559;2023-05-18 19:50:00;19;13;3
1560;2023-05-18 19:50:00;1;76;2
1561;2023-05-18 19:50:00;1;92;2
1562;2023-05-18 19:50:00;4;79;2
1563;2023-05-18 19:50:00;7;14;3
1564;2023-05-18 19:50:00;10;1;1
1565;2023-05-18 19:50:00;2;9;3
1566;2023-05-18 19:50:00;6;88;1
1567;2023-05-18 19:50:00;18;80;2
1568;2023-05-18 19:50:00;2;31;3
1569;2023-05-18 19:50:00;13;33;2
1570;2023-05-18 19:50:00;17;18;1
1571;2023-05-18 19:50:00;10;87;3
1572;2023-05-18 19:50:00;3;49;2
1573;2023-05-18 19:50:00;20;87;3
1574;2023-05-18 19:50:00;19;25;3
1575;2023-05-18 19:50:00;1;37;2
1576;2023-05-18 19:50:00;14;45;3
1577;2023-05-18 19:50:00;6;79;1
1578;2023-05-18 19:50:00;7;6;3
1579;2023-05-18 19:50:00;17;27;2
1580;2023-05-18 19:50:00;17;65;1
1581;2023-05-18 19:50:00;20;37;2
1582;2023-05-18 19:50:00;17;85;2
1583;2023-05-18 19:50:00;6;13;1
1584;2023-05-18 19:50:00;20;69;1
1585;2023-05-18 19:50:00;6;78;2
1586;2023-05-18 19:50:00;19;88;2
1587;2023-05-18 19:50:00;20;82;3
1588;2023-05-18 19:50:00;10;88;1
1589;2023-05-18 19:50:00;13;51;1
1590;2023-05-18 19:50:00;17;93;1
1591;2023-05-18 19:50:00;12;69;1
1592;2023-05-18 19:50:00;8;50;3
1593;2023-05-18 19:50:00;11;45;1
1594;2023-05-18 19:50:00;8;77;1
1595;2023-05-18 19:50:00;9;42;3
1596;2023-05-18 19:50:00;14;88;2
1597;2023-05-18 19:50:00;6;44;3
1598;2023-05-18 19:50:00;17;41;3
1599;2023-05-18 19:50:00;11;90;2
1600;2023-05-18 19:50:00;11;61;2
1601;2023-05-18 19:50:00;19;8;2
1602;2023-05-18 19:50:00;8;26;2
1603;2023-05-18 19:50:00;5;85;3
1604;2023-05-18 19:50:00;15;23;1
1605;2023-05-18 19:50:00;1;73;1
1606;2023-05-18 19:50:00;19;6;2
1607;2023-05-18 19:50:00;20;78;3
1608;2023-05-18 19:50:00;13;21;1
1609;2023-05-18 19:50:00;19;81;2
1610;2023-05-18 19:50:00;13;23;1
1611;2023-05-18 19:50:00;7;81;2
1612;2023-05-18 19:50:00;4;64;3
1613;2023-05-18 19:50:00;14;78;3
1614;2023-05-18 19:50:00;17;34;1
1615;2023-05-18 19:50:00;13;68;3
1616;2023-05-18 19:50:00;15;14;2
1617;2023-05-18 19:50:00;16;53;3
1618;2023-05-18 19:50:00;14;33;2
1619;2023-05-18 19:50:00;2;89;1
1620;2023-05-18 19:50:00;11;82;1
1621;2023-05-18 19:50:00;1;14;3
1622;2023-05-18 19:50:00;11;36;2
1623;2023-05-18 19:50:00;3;5;3
1624;2023-05-18 19:50:00;8;32;2
1625;2023-05-18 19:50:00;17;17;2
1626;2023-05-18 19:50:00;15;49;1
1627;2023-05-18 19:50:00;3;45;3
1628;2023-05-18 19:50:00;20;20;3
1629;2023-05-18 19:50:00;7;92;3
1630;2023-05-18 19:50:00;1;24;2
1631;2023-05-18 19:50:00;2;42;3
1632;2023-05-18 19:50:00;3;21;1
1633;2023-05-18 19:50:00;10;20;1
1634;2023-05-18 19:50:00;6;24;2
1635;2023-05-18 19:50:00;2;40;2
1636;2023-05-18 19:50:00;8;53;1
1637;2023-05-18 19:50:00;14;55;3
1638;2023-05-18 19:50:00;9;18;3
1639;2023-05-18 19:50:00;5;75;1
1640;2023-05-18 19:50:00;5;53;2
1641;2023-05-18 19:50:00;5;36;1
1642;2023-05-18 19:50:00;10;85;2
1643;2023-05-18 19:50:00;1;48;2
1644;2023-05-18 19:50:00;8;10;3
1645;2023-05-18 19:50:00;1;20;1
1646;2023-05-18 19:50:00;1;30;2
1647;2023-05-18 19:50:00;2;82;2
1648;2023-05-18 19:50:00;15;30;1
1649;2023-05-18 19:50:00;15;64;2
1650;2023-05-18 19:50:00;17;2;1
1651;2023-05-18 19:50:00;16;1;3
1652;2023-05-18 19:50:00;14;57;2
1653;2023-05-18 19:50:00;2;79;2
1654;2023-05-18 19:50:00;18;34;3
1655;2023-05-18 19:50:00;17;70;2
1656;2023-05-18 19:50:00;4;1;1
1657;2023-05-18 19:50:00;8;23;2
1658;2023-05-18 19:50:00;15;84;2
1659;2023-05-18 19:50:00;4;21;1
1660;2023-05-18 19:50:00;2;71;3
1661;2023-05-18 19:50:00;15;68;2
1662;2023-05-18 19:50:00;15;71;2
1663;2023-05-18 19:50:00;17;6;1
1664;2023-05-18 19:50:00;19;68;3
1665;2023-05-18 19:50:00;10;85;2
1666;2023-05-18 19:50:00;5;84;2
1667;2023-05-18 19:50:00;14;86;2
1668;2023-05-18 19:50:00;9;26;1
1669;2023-05-18 19:50:00;20;64;2
1670;2023-05-18 19:50:00;4;25;2
1671;2023-05-18 19:50:00;20;84;2
1672;2023-05-18 19:50:00;9;50;2
1673;2023-05-18 19:50:00;19;19;1
1674;2023-05-18 19:50:00;18;2;3
1675;2023-05-18 19:50:00;3;91;3
1676;2023-05-18 19:50:00;20;46;3
1677;2023-05-18 19:50:00;13;90;2
1678;2023-05-18 19:50:00;16;6;2
1679;2023-05-18 19:50:00;6;4;1
1680;2023-05-18 19:50:00;4;3;1
1681;2023-05-18 19:50:00;20;79;2
1682;2023-05-18 19:50:00;13;60;2
1683;2023-05-18 19:50:00;9;73;1
1684;2023-05-18 19:50:00;5;61;1
1685;2023-05-18 19:50:00;6;78;3
1686;2023-05-18 19:50:00;14;4;2
1687;2023-05-18 19:50:00;14;4;1
1688;2023-05-18 19:50:00;12;20;2
1689;2023-05-18 19:50:00;16;46;1
1690;2023-05-18 19:50:00;2;7;1
1691;2023-05-18 19:50:00;4;77;2
1692;2023-05-18 19:50:00;7;80;3
1693;2023-05-18 19:50:00;12;35;1
1694;2023-05-18 19:50:00;16;2;1
1695;2023-05-18 19:50:00;7;71;2
1696;2023-05-18 19:50:00;12;83;1
1697;2023-05-18 19:50:00;14;59;3
1698;2023-05-18 19:50:00;20;4;3
1699;2023-05-18 19:50:00;4;66;1
1700;2023-05-18 19:50:00;2;24;3
1701;2023-05-18 19:50:00;2;94;3
1702;2023-05-18 19:50:00;3;26;2
1703;2023-05-18 19:50:00;15;61;2
1704;2023-05-18 19:50:00;20;38;2
1705;2023-05-18 19:50:00;1;7;3
1706;2023-05-18 19:50:00;8;55;2
1707;2023-05-18 19:50:00;13;6;1
1708;2023-05-18 19:50:00;2;44;2
1709;2023-05-18 19:50:00;18;71;1
1710;2023-05-18 19:50:00;12;62;2
1711;2023-05-18 19:50:00;4;87;2
1712;2023-05-18 19:50:00;17;72;3
1713;2023-05-18 19:50:00;12;27;2
1714;2023-05-18 19:50:00;3;28;3
1715;2023-05-18 19:50:00;2;26;3
1716;2023-05-18 19:50:00;13;40;1
1717;2023-05-18 19:50:00;20;74;2
1718;2023-05-18 19:50:00;13;59;3
1719;2023-05-18 19:50:00;17;82;3
1720;2023-05-18 19:50:00;11;29;3
1721;2023-05-18 19:50:00;15;64;1
1722;2023-05-18 19:50:00;4;56;3
1723;2023-05-18 19:50:00;1;37;3
1724;2023-05-18 19:50:00;3;81;1
1725;2023-05-18 19:50:00;1;14;2
1726;2023-05-18 19:50:00;12;62;1
1727;2023-05-18 19:50:00;13;33;2
1728;2023-05-18 19:50:00;4;22;2
1729;2023-05-18 19:50:00;14;11;1
1730;2023-05-18 19:50:00;9;76;2
1731;2023-05-18 19:50:00;2;4;2
1732;2023-05-18 19:50:00;3;94;1
1733;2023-05-18 19:50:00;20;22;3
1734;2023-05-18 19:50:00;9;4;3
1735;2023-05-18 19:50:00;15;82;3
1736;2023-05-18 19:50:00;5;89;3
1737;2023-05-18 19:50:00;4;34;3
1738;2023-05-18 19:50:00;7;1;3
1739;2023-05-18 19:50:00;9;19;2
1740;2023-05-18 19:50:00;16;30;2
1741;2023-05-18 19:50:00;18;19;1
1742;2023-05-18 19:50:00;5;81;3
1743;2023-05-18 19:50:00;5;45;3
1744;2023-05-18 19:50:00;2;10;2
1745;2023-05-18 19:50:00;12;26;3
1746;2023-05-18 19:50:00;8;28;1
1747;2023-05-18 19:50:00;14;46;2
1748;2023-05-18 19:50:00;1;79;3
1749;2023-05-18 19:50:00;17;2;2
1750;2023-05-18 19:50:00;15;66;1
1751;2023-05-18 19:50:00;2;37;2
1752;2023-05-18 19:50:00;18;59;1
1753;2023-05-18 19:50:00;15;81;2
1754;2023-05-18 19:50:00;5;45;3
1755;2023-05-18 19:50:00;12;46;2
1756;2023-05-18 19:50:00;9;91;2
1757;2023-05-18 19:50:00;10;33;3
1758;2023-05-18 19:50:00;9;58;2
1759;2023-05-18 19:50:00;15;53;3
1760;2023-05-18 19:50:00;17;5;3
1761;2023-05-18 19:50:00;2;19;2
1762;2023-05-18 19:50:00;13;1;3
1763;2023-05-18 19:50:00;11;89;3
1764;2023-05-18 19:50:00;16;40;3
1765;2023-05-18 19:50:00;13;17;1
1766;2023-05-18 19:50:00;17;21;3
1767;2023-05-18 19:50:00;16;14;2
1768;2023-05-18 19:50:00;8;17;3
1769;2023-05-18 19:50:00;8;94;1
1770;2023-05-18 19:50:00;12;44;2
1771;2023-05-18 19:50:00;15;41;3
1772;2023-05-18 19:50:00;16;49;3
1773;2023-05-18 19:50:00;17;65;1
1774;2023-05-18 19:50:00;5;37;3
1775;2023-05-18 19:50:00;8;48;3
1776;2023-05-18 19:50:00;3;23;1
1777;2023-05-18 19:50:00;13;67;3
1778;2023-05-18 19:50:00;4;27;3
1779;2023-05-18 19:50:00;8;79;3
1780;2023-05-18 19:50:00;17;77;1
1781;2023-05-18 19:50:00;3;11;2
1782;2023-05-18 19:50:00;12;62;2
1783;2023-05-18 19:50:00;16;94;3
1784;2023-05-18 19:50:00;7;32;3
1785;2023-05-18 19:50:00;9;21;2
1786;2023-05-18 19:50:00;3;82;3
1787;2023-05-18 19:50:00;11;43;2
1788;2023-05-18 19:50:00;1;33;2
1789;2023-05-18 19:50:00;3;72;1
1790;2023-05-18 19:50:00;16;85;2
1791;2023-05-18 19:50:00;12;58;3
1792;2023-05-18 19:50:00;18;51;2
1793;2023-05-18 19:50:00;2;9;3
1794;2023-05-18 19:50:00;16;67;3
1795;2023-05-18 19:50:00;5;57;3
1796;2023-05-18 19:50:00;3;39;1
1797;2023-05-18 19:50:00;16;6;2
1798;2023-05-18 19:50:00;7;52;2
1799;2023-05-18 19:50:00;13;82;3
1800;2023-05-18 19:50:00;14;64;2
1801;2023-05-18 19:50:00;10;21;2
1802;2023-05-18 19:50:00;10;6;2
1803;2023-05-18 19:50:00;3;48;3
1804;2023-05-18 19:50:00;20;24;1
1805;2023-05-18 19:50:00;14;60;2
1806;2023-05-18 19:50:00;14;75;1
1807;2023-05-18 19:50:00;19;59;1
1808;2023-05-18 19:50:00;12;41;2
1809;2023-05-18 19:50:00;8;78;1
1810;2023-05-18 19:50:00;7;19;2
1811;2023-05-18 19:50:00;15;55;3
1812;2023-05-18 19:50:00;2;20;3
1813;2023-05-18 19:50:00;3;60;3
1814;2023-05-18 19:50:00;11;13;2
1815;2023-05-18 19:50:00;20;73;3
1816;2023-05-18 19:50:00;9;77;3
1817;2023-05-18 19:50:00;17;78;2
1818;2023-05-18 19:50:00;12;17;2
1819;2023-05-18 19:50:00;13;87;2
1820;2023-05-18 19:50:00;1;56;2
1821;2023-05-18 19:50:00;6;13;1
1822;2023-05-18 19:50:00;2;21;1
1823;2023-05-18 19:50:00;8;73;1
1824;2023-05-18 19:50:00;16;2;1
1825;2023-05-18 19:50:00;16;50;1
1826;2023-05-18 19:50:00;10;31;2
1827;2023-05-18 19:50:00;8;17;3
1828;2023-05-18 19:50:00;14;69;3
1829;2023-05-18 19:50:00;2;26;3
1830;2023-05-18 19:50:00;8;42;3
1831;2023-05-18 19:50:00;7;26;2
1832;2023-05-18 19:50:00;11;2;3
1833;2023-05-18 19:50:00;13;66;2
1834;2023-05-18 19:50:00;8;75;1
1835;2023-05-18 19:50:00;2;6;2
1836;2023-05-18 19:50:00;19;54;1
1837;2023-05-18 19:50:00;9;94;3
1838;2023-05-18 19:50:00;18;3;3
1839;2023-05-18 19:50:00;20;48;1
1840;2023-05-18 19:50:00;17;52;3
1841;2023-05-18 19:50:00;5;38;1
1842;2023-05-18 19:50:00;9;62;3
1843;2023-05-18 19:50:00;12;55;2
1844;2023-05-18 19:50:00;12;28;3
1845;2023-05-18 19:50:00;6;9;1
1846;2023-05-18 19:50:00;10;43;1
1847;2023-05-18 19:50:00;9;76;3
1848;2023-05-18 19:50:00;18;6;1
1849;2023-05-18 19:50:00;1;66;1
1850;2023-05-18 19:50:00;19;17;1
1851;2023-05-18 19:50:00;19;1;3
1852;2023-05-18 19:50:00;2;76;3
1853;2023-05-18 19:50:00;18;71;1
1854;2023-05-18 19:50:00;4;29;3
1855;2023-05-18 19:50:00;14;17;2
1856;2023-05-18 19:50:00;5;55;2
1857;2023-05-18 19:50:00;17;3;3
1858;2023-05-18 19:50:00;8;49;3
1859;2023-05-18 19:50:00;15;25;1
1860;2023-05-18 19:50:00;17;89;2
1861;2023-05-18 19:50:00;8;29;1
1862;2023-05-18 19:50:00;12;23;1
1863;2023-05-18 19:50:00;17;11;2
1864;2023-05-18 19:50:00;16;57;2
1865;2023-05-18 19:50:00;9;21;3
1866;2023-05-18 19:50:00;14;82;3
1867;2023-05-18 19:50:00;7;15;2
1868;2023-05-18 19:50:00;2;28;3
1869;2023-05-18 19:50:00;10;1;3
1870;2023-05-18 19:50:00;5;22;2
1871;2023-05-18 19:50:00;11;55;1
1872;2023-05-18 19:50:00;19;88;2
1873;2023-05-18 19:50:00;1;55;1
1874;2023-05-18 19:50:00;7;81;3
1875;2023-05-18 19:50:00;8;14;3
1876;2023-05-18 19:50:00;8;93;1
1877;2023-05-18 19:50:00;19;43;1
1878;2023-05-18 19:50:00;1;3;3
1879;2023-05-18 19:50:00;9;5;1
1880;2023-05-18 19:50:00;11;29;2
1881;2023-05-18 19:50:00;18;6;2
1882;2023-05-18 19:50:00;13;65;2
1883;2023-05-18 19:50:00;11;35;3
1884;2023-05-18 19:50:00;13;8;3
1885;2023-05-18 19:50:00;1;7;3
1886;2023-05-18 19:50:00;12;68;2
1887;2023-05-18 19:50:00;6;9;3
1888;2023-05-18 19:50:00;16;49;2
1889;2023-05-18 19:50:00;4;29;3
1890;2023-05-18 19:50:00;4;94;3
1891;2023-05-18 19:50:00;16;30;2
1892;2023-05-18 19:50:00;10;20;2
1893;2023-05-18 19:50:00;13;45;1
1894;2023-05-18 19:50:00;18;35;3
1895;2023-05-18 19:50:00;10;13;3
1896;2023-05-18 19:50:00;19;36;1
1897;2023-05-18 19:50:00;19;65;1
1898;2023-05-18 19:50:00;11;85;3
1899;2023-05-18 19:50:00;19;88;1
1900;2023-05-18 19:50:00;12;82;3
1901;2023-05-18 19:50:00;7;22;1
1902;2023-05-18 19:50:00;6;46;1
1903;2023-05-18 19:50:00;5;3;2
1904;2023-05-18 19:50:00;19;4;1
1905;2023-05-18 19:50:00;19;37;2
1906;2023-05-18 19:50:00;10;34;2
1907;2023-05-18 19:50:00;20;41;3
1908;2023-05-18 19:50:00;18;89;1
1909;2023-05-18 19:50:00;8;45;3
1910;2023-05-18 19:50:00;8;22;2
1911;2023-05-18 19:50:00;3;77;1
1912;2023-05-18 19:50:00;18;85;1
1913;2023-05-18 19:50:00;17;86;2
1914;2023-05-18 19:50:00;11;49;3
1915;2023-05-18 19:50:00;3;47;2
1916;2023-05-18 19:50:00;8;60;3
1917;2023-05-18 19:50:00;17;77;3
1918;2023-05-18 19:50:00;6;47;1
1919;2023-05-18 19:50:00;13;12;2
1920;2023-05-18 19:50:00;18;72;1
1921;2023-05-18 19:50:00;3;61;3
1922;2023-05-18 19:50:00;8;68;3
1923;2023-05-18 19:50:00;3;54;3
1924;2023-05-18 19:50:00;6;63;3
1925;2023-05-18 19:50:00;18;51;2
1926;2023-05-18 19:50:00;14;63;2
1927;2023-05-18 19:50:00;5;65;2
1928;2023-05-18 19:50:00;9;35;3
1929;2023-05-18 19:50:00;1;4;1
1930;2023-05-18 19:50:00;20;1;2
1931;2023-05-18 19:50:00;15;62;3
1932;2023-05-18 19:50:00;18;67;3
1933;2023-05-18 19:50:00;1;48;3
1934;2023-05-18 19:50:00;11;84;3
1935;2023-05-18 19:50:00;5;13;3
1936;2023-05-18 19:50:00;12;59;3
1937;2023-05-18 19:50:00;15;50;3
1938;2023-05-18 19:50:00;3;89;1
1939;2023-05-18 19:50:00;2;25;3
1940;2023-05-18 19:50:00;5;26;3
1941;2023-05-18 19:50:00;4;44;3
1942;2023-05-18 19:50:00;13;27;3
1943;2023-05-18 19:50:00;4;56;3
1944;2023-05-18 19:50:00;7;86;2
1945;2023-05-18 19:50:00;4;49;3
1946;2023-05-18 19:50:00;15;69;3
1947;2023-05-18 19:50:00;13;44;2
1948;2023-05-18 19:50:00;7;63;3
1949;2023-05-18 19:50:00;2;1;3
1950;2023-05-18 19:50:00;6;48;2
1951;2023-05-18 19:50:00;19;77;1
1952;2023-05-18 19:50:00;15;48;3
1953;2023-05-18 19:50:00;15;39;3
1954;2023-05-18 19:50:00;12;3;3
1955;2023-05-18 19:50:00;16;25;1
1956;2023-05-18 19:50:00;7;41;2
1957;2023-05-18 19:50:00;11;10;1
1958;2023-05-18 19:50:00;12;83;3
1959;2023-05-18 19:50:00;14;68;2
1960;2023-05-18 19:50:00;18;60;3
1961;2023-05-18 19:50:00;5;32;3
1962;2023-05-18 19:50:00;18;11;1
1963;2023-05-18 19:50:00;12;53;3
1964;2023-05-18 19:50:00;5;84;3
1965;2023-05-18 19:50:00;2;76;2
1966;2023-05-18 19:50:00;8;74;1
1967;2023-05-18 19:50:00;8;69;2
1968;2023-05-18 19:50:00;12;94;1
1969;2023-05-18 19:50:00;8;38;1
1970;2023-05-18 19:50:00;17;66;1
1971;2023-05-18 19:50:00;8;61;3
1972;2023-05-18 19:50:00;7;93;3
1973;2023-05-18 19:50:00;10;33;1
1974;2023-05-18 19:50:00;3;55;1
1975;2023-05-18 19:50:00;11;30;2
1976;2023-05-18 19:50:00;20;51;3
1977;2023-05-18 19:50:00;2;92;2
1978;2023-05-18 19:50:00;5;90;1
1979;2023-05-18 19:50:00;4;38;3
1980;2023-05-18 19:50:00;12;37;3
1981;2023-05-18 19:50:00;1;49;1
1982;2023-05-18 19:50:00;14;71;1
1983;2023-05-18 19:50:00;4;22;1
1984;2023-05-18 19:50:00;4;49;3
1985;2023-05-18 19:50:00;3;59;1
1986;2023-05-18 19:50:00;2;69;3
1987;2023-05-18 19:50:00;9;66;1
1988;2023-05-18 19:50:00;2;91;1
1989;2023-05-18 19:50:00;6;42;3
1990;2023-05-18 19:50:00;3;7;1
1991;2023-05-18 19:50:00;16;53;2
1992;2023-05-18 19:50:00;20;41;2
1993;2023-05-18 19:50:00;1;90;3
1994;2023-05-18 19:50:00;4;39;1
1995;2023-05-18 19:50:00;14;84;2
1996;2023-05-18 19:50:00;11;43;2
1997;2023-05-18 19:50:00;19;59;3
1998;2023-05-18 19:50:00;12;60;1
1999;2023-05-18 19:50:00;8;90;3
2000;2023-05-18 19:50:00;19;27;1
2001;2023-05-18 19:50:00;19;24;1
2002;2023-05-18 19:50:00;12;28;2
2003;2023-05-18 19:50:00;5;24;1
2004;2023-05-18 19:50:00;9;42;2
2005;2023-05-18 19:50:00;20;43;1
2006;2023-05-18 19:50:00;1;26;2
2007;2023-05-18 19:50:00;2;24;3
2008;2023-05-18 19:50:00;10;8;1
2009;2023-05-18 19:50:00;3;34;2
2010;2023-05-18 19:50:00;2;92;2
2011;2023-05-18 19:50:00;4;35;1
2012;2023-05-18 19:50:00;16;93;1
2013;2023-05-18 19:50:00;17;9;2
2014;2023-05-18 19:50:00;18;50;1
2015;2023-05-18 19:50:00;5;93;3
2016;2023-05-18 19:50:00;9;51;3
2017;2023-05-18 19:50:00;6;91;1
2018;2023-05-18 19:50:00;10;9;1
2019;2023-05-18 19:50:00;13;57;3
2020;2023-05-18 19:50:00;12;94;3
2021;2023-05-18 19:50:00;4;66;2
2022;2023-05-18 19:50:00;8;47;2
2023;2023-05-18 19:50:00;12;78;2
2024;2023-05-18 19:50:00;5;94;1
2025;2023-05-18 19:50:00;13;2;1
2026;2023-05-18 19:50:00;14;65;1
2027;2023-05-18 19:50:00;2;81;1
2028;2023-05-18 19:50:00;5;48;3
2029;2023-05-18 19:50:00;12;75;2
2030;2023-05-18 19:50:00;16;62;2
2031;2023-05-18 19:50:00;9;9;3
2032;2023-05-18 19:50:00;8;74;1
2033;2023-05-18 19:50:00;7;54;1
2034;2023-05-18 19:50:00;1;76;1
2035;2023-05-18 19:50:00;8;91;1
2036;2023-05-18 19:50:00;2;81;2
2037;2023-05-18 19:50:00;17;23;2
2038;2023-05-18 19:50:00;14;27;3
2039;2023-05-18 19:50:00;11;25;1
2040;2023-05-18 19:50:00;18;93;3
2041;2023-05-18 19:50:00;7;21;1
2042;2023-05-18 19:50:00;14;58;1
2043;2023-05-18 19:50:00;2;71;1
2044;2023-05-18 19:50:00;1;15;2
2045;2023-05-18 19:50:00;6;36;3
2046;2023-05-18 19:50:00;4;84;2
2047;2023-05-18 19:50:00;17;91;1
2048;2023-05-18 19:50:00;5;66;1
2049;2023-05-18 19:50:00;19;48;3
2050;2023-05-18 19:50:00;19;91;2
2051;2023-05-18 19:50:00;2;53;1
2052;2023-05-18 19:50:00;13;71;3
2053;2023-05-18 19:50:00;5;60;1
2054;2023-05-18 19:50:00;3;53;1
2055;2023-05-18 19:50:00;14;39;2
2056;2023-05-18 19:50:00;10;28;2
2057;2023-05-18 19:50:00;4;23;3
2058;2023-05-18 19:50:00;19;65;3
2059;2023-05-18 19:50:00;19;11;2
2060;2023-05-18 19:50:00;16;62;1
2061;2023-05-18 19:50:00;9;50;1
2062;2023-05-18 19:50:00;11;52;1
2063;2023-05-18 19:50:00;9;83;2
2064;2023-05-18 19:50:00;20;19;2
2065;2023-05-18 19:50:00;20;57;2
2066;2023-05-18 19:50:00;1;12;3
2067;2023-05-18 19:50:00;1;20;2
2068;2023-05-18 19:50:00;12;52;3
2069;2023-05-18 19:50:00;13;61;1
2070;2023-05-18 19:50:00;12;56;2
2071;2023-05-18 19:50:00;10;18;3
2072;2023-05-18 19:50:00;15;42;3
2073;2023-05-18 19:50:00;19;94;3
2074;2023-05-18 19:50:00;12;63;2
2075;2023-05-18 19:50:00;11;56;3
2076;2023-05-18 19:50:00;6;68;3
2077;2023-05-18 19:50:00;15;64;2
2078;2023-05-18 19:50:00;17;93;3
2079;2023-05-18 19:50:00;6;27;3
2080;2023-05-18 19:50:00;15;87;3
2081;2023-05-18 19:50:00;13;38;1
2082;2023-05-18 19:50:00;9;19;3
2083;2023-05-18 19:50:00;10;5;2
2084;2023-05-18 19:50:00;19;82;2
2085;2023-05-18 19:50:00;12;80;3
2086;2023-05-18 19:50:00;5;84;3
2087;2023-05-18 19:50:00;19;43;1
2088;2023-05-18 19:50:00;17;76;1
2089;2023-05-18 19:50:00;10;18;1
2090;2023-05-18 19:50:00;17;46;3
2091;2023-05-18 19:50:00;7;7;1
2092;2023-05-18 19:50:00;11;30;2
2093;2023-05-18 19:50:00;12;37;3
2094;2023-05-18 19:50:00;17;56;2
2095;2023-05-18 19:50:00;15;86;3
2096;2023-05-18 19:50:00;14;85;1
2097;2023-05-18 19:50:00;3;93;2
2098;2023-05-18 19:50:00;15;74;3
2099;2023-05-18 19:50:00;17;19;1
2100;2023-05-18 19:50:00;10;16;1
2101;2023-05-18 19:50:00;15;92;3
2102;2023-05-18 19:50:00;12;43;3
2103;2023-05-18 19:50:00;2;79;3
2104;2023-05-18 19:50:00;4;94;1
2105;2023-05-18 19:50:00;19;3;1
2106;2023-05-18 19:50:00;15;79;3
2107;2023-05-18 19:50:00;10;86;3
2108;2023-05-18 19:50:00;15;20;2
2109;2023-05-18 19:50:00;20;83;3
2110;2023-05-18 19:50:00;15;54;1
2111;2023-05-18 19:50:00;9;34;2
2112;2023-05-18 19:50:00;11;52;1
2113;2023-05-18 19:50:00;16;81;2
2114;2023-05-18 19:50:00;6;92;2
2115;2023-05-18 19:50:00;18;54;2
2116;2023-05-18 19:50:00;5;87;2
2117;2023-05-18 19:50:00;17;13;2
2118;2023-05-18 19:50:00;11;71;1
2119;2023-05-18 19:50:00;7;57;1
2120;2023-05-18 19:50:00;8;11;3
2121;2023-05-18 19:50:00;13;94;2
2122;2023-05-18 19:50:00;17;17;2
2123;2023-05-18 19:50:00;18;19;1
2124;2023-05-18 19:50:00;3;8;3
2125;2023-05-18 19:50:00;3;30;3
2126;2023-05-18 19:50:00;14;33;2
2127;2023-05-18 19:50:00;2;8;3
2128;2023-05-18 19:50:00;5;41;2
2129;2023-05-18 19:50:00;6;31;1
2130;2023-05-18 19:50:00;15;92;1
2131;2023-05-18 19:50:00;6;85;3
2132;2023-05-18 19:50:00;2;58;3
2133;2023-05-18 19:50:00;15;51;2
2134;2023-05-18 19:50:00;13;21;2
2135;2023-05-18 19:50:00;10;21;1
2136;2023-05-18 19:50:00;6;92;1
2137;2023-05-18 19:50:00;19;69;3
2138;2023-05-18 19:50:00;19;14;3
2139;2023-05-18 19:50:00;11;3;2
2140;2023-05-18 19:50:00;13;80;3
2141;2023-05-18 19:50:00;10;68;2
2142;2023-05-18 19:50:00;15;52;1
2143;2023-05-18 19:50:00;10;91;3
2144;2023-05-18 19:50:00;15;38;1
2145;2023-05-18 19:50:00;3;20;2
2146;2023-05-18 19:50:00;7;42;2
2147;2023-05-18 19:50:00;11;68;1
2148;2023-05-18 19:50:00;7;17;1
2149;2023-05-18 19:50:00;20;68;1
2150;2023-05-18 19:50:00;10;37;1
2151;2023-05-18 19:50:00;13;32;1
2152;2023-05-18 19:50:00;9;3;2
2153;2023-05-18 19:50:00;11;7;1
2154;2023-05-18 19:50:00;6;37;3
2155;2023-05-18 19:50:00;13;58;2
2156;2023-05-18 19:50:00;17;65;3
2157;2023-05-18 19:50:00;15;56;2
2158;2023-05-18 19:50:00;3;65;3
2159;2023-05-18 19:50:00;14;44;2
2160;2023-05-18 19:50:00;5;4;2
2161;2023-05-18 19:50:00;13;24;1
2162;2023-05-18 19:50:00;16;18;2
2163;2023-05-18 19:50:00;15;6;3
2164;2023-05-18 19:50:00;3;56;1
2165;2023-05-18 19:50:00;6;66;1
2166;2023-05-18 19:50:00;12;77;2
2167;2023-05-18 19:50:00;17;47;3
2168;2023-05-18 19:50:00;2;21;2
2169;2023-05-18 19:50:00;6;59;2
2170;2023-05-18 19:50:00;12;21;1
2171;2023-05-18 19:50:00;9;46;3
2172;2023-05-18 19:50:00;15;58;2
2173;2023-05-18 19:50:00;20;57;3
2174;2023-05-18 19:50:00;3;74;2
2175;2023-05-18 19:50:00;7;65;3
2176;2023-05-18 19:50:00;6;35;3
2177;2023-05-18 19:50:00;7;1;1
2178;2023-05-18 19:50:00;4;48;3
2179;2023-05-18 19:50:00;15;13;3
2180;2023-05-18 19:50:00;12;93;2
2181;2023-05-18 19:50:00;5;88;1
2182;2023-05-18 19:50:00;17;64;3
2183;2023-05-18 19:50:00;15;32;3
2184;2023-05-18 19:50:00;9;25;2
2185;2023-05-18 19:50:00;4;25;3
2186;2023-05-18 19:50:00;9;46;2
2187;2023-05-18 19:50:00;6;54;3
2188;2023-05-18 19:50:00;16;13;2
2189;2023-05-18 19:50:00;19;2;3
2190;2023-05-18 19:50:00;15;70;2
2191;2023-05-18 19:50:00;10;36;2
2192;2023-05-18 19:50:00;10;42;3
2193;2023-05-18 19:50:00;12;40;2
2194;2023-05-18 19:50:00;8;78;1
2195;2023-05-18 19:50:00;19;92;2
2196;2023-05-18 19:50:00;19;84;2
2197;2023-05-18 19:50:00;14;61;2
2198;2023-05-18 19:50:00;5;45;2
2199;2023-05-18 19:50:00;11;77;1
2200;2023-05-18 19:50:00;10;63;3
2201;2023-05-18 19:50:00;8;12;3
2202;2023-05-18 19:50:00;11;78;3
2203;2023-05-18 19:50:00;14;58;3
2204;2023-05-18 19:50:00;4;40;2
2205;2023-05-18 19:50:00;12;29;1
2206;2023-05-18 19:50:00;1;25;2
2207;2023-05-18 19:50:00;7;59;2
2208;2023-05-18 19:50:00;16;85;1
2209;2023-05-18 19:50:00;2;26;1
2210;2023-05-18 19:50:00;9;48;3
2211;2023-05-18 19:50:00;9;47;1
2212;2023-05-18 19:50:00;13;50;2
2213;2023-05-18 19:50:00;16;74;1
2214;2023-05-18 19:50:00;10;80;2
2215;2023-05-18 19:50:00;18;77;2
2216;2023-05-18 19:50:00;4;35;1
2217;2023-05-18 19:50:00;7;16;3
2218;2023-05-18 19:50:00;13;49;3
2219;2023-05-18 19:50:00;5;18;2
2220;2023-05-18 19:50:00;19;14;2
2221;2023-05-18 19:50:00;3;23;3
2222;2023-05-18 19:50:00;15;74;3
2223;2023-05-18 19:50:00;19;94;3
2224;2023-05-18 19:50:00;9;44;2
2225;2023-05-18 19:50:00;19;29;1
2226;2023-05-18 19:50:00;4;89;3
2227;2023-05-18 19:50:00;2;5;3
2228;2023-05-18 19:50:00;17;76;1
2229;2023-05-18 19:50:00;13;65;2
2230;2023-05-18 19:50:00;3;92;2
2231;2023-05-18 19:50:00;16;28;3
2232;2023-05-18 19:50:00;4;6;2
2233;2023-05-18 19:50:00;8;52;1
2234;2023-05-18 19:50:00;18;78;3
2235;2023-05-18 19:50:00;8;53;3
2236;2023-05-18 19:50:00;20;86;2
2237;2023-05-18 19:50:00;11;93;3
2238;2023-05-18 19:50:00;7;37;2
2239;2023-05-18 19:50:00;12;15;3
2240;2023-05-18 19:50:00;16;2;1
2241;2023-05-18 19:50:00;14;94;1
2242;2023-05-18 19:50:00;10;10;1
2243;2023-05-18 19:50:00;9;13;2
2244;2023-05-18 19:50:00;8;47;2
2245;2023-05-18 19:50:00;13;65;1
2246;2023-05-18 19:50:00;6;15;3
2247;2023-05-18 19:50:00;14;77;2
2248;2023-05-18 19:50:00;7;46;1
2249;2023-05-18 19:50:00;12;56;2
2250;2023-05-18 19:50:00;9;52;2
2251;2023-05-18 19:50:00;14;54;3
2252;2023-05-18 19:50:00;14;36;1
2253;2023-05-18 19:50:00;3;10;3
2254;2023-05-18 19:50:00;9;48;2
2255;2023-05-18 19:50:00;19;77;1
2256;2023-05-18 19:50:00;15;13;1
2257;2023-05-18 19:50:00;20;7;1
2258;2023-05-18 19:50:00;20;80;2
2259;2023-05-18 19:50:00;2;92;3
2260;2023-05-18 19:50:00;3;56;3
2261;2023-05-18 19:50:00;13;53;2
2262;2023-05-18 19:50:00;11;71;3
2263;2023-05-18 19:50:00;11;3;3
2264;2023-05-18 19:50:00;1;20;2
2265;2023-05-18 19:50:00;13;83;1
2266;2023-05-18 19:50:00;18;4;2
2267;2023-05-18 19:50:00;14;69;3
2268;2023-05-18 19:50:00;18;37;3
2269;2023-05-18 19:50:00;20;30;3
2270;2023-05-18 19:50:00;17;84;3
2271;2023-05-18 19:50:00;3;42;2
2272;2023-05-18 19:50:00;6;38;2
2273;2023-05-18 19:50:00;3;78;2
2274;2023-05-18 19:50:00;6;80;1
2275;2023-05-18 19:50:00;14;80;1
2276;2023-05-18 19:50:00;4;73;1
2277;2023-05-18 19:50:00;20;28;2
2278;2023-05-18 19:50:00;14;3;1
2279;2023-05-18 19:50:00;10;14;2
2280;2023-05-18 19:50:00;6;44;2
2281;2023-05-18 19:50:00;15;56;3
2282;2023-05-18 19:50:00;9;18;3
2283;2023-05-18 19:50:00;19;58;2
2284;2023-05-18 19:50:00;14;12;1
2285;2023-05-18 19:50:00;9;94;1
2286;2023-05-18 19:50:00;11;3;1
2287;2023-05-18 19:50:00;2;36;3
2288;2023-05-18 19:50:00;15;60;3
2289;2023-05-18 19:50:00;10;53;1
2290;2023-05-18 19:50:00;10;13;2
2291;2023-05-18 19:50:00;12;13;3
2292;2023-05-18 19:50:00;1;62;1
2293;2023-05-18 19:50:00;19;13;2
2294;2023-05-18 19:50:00;9;67;1
2295;2023-05-18 19:50:00;9;22;3
2296;2023-05-18 19:50:00;1;4;1
2297;2023-05-18 19:50:00;3;83;3
2298;2023-05-18 19:50:00;4;55;1
2299;2023-05-18 19:50:00;3;54;3
2300;2023-05-18 19:50:00;16;24;2
2301;2023-05-18 19:50:00;11;72;1
2302;2023-05-18 19:50:00;6;68;1
2303;2023-05-18 19:50:00;13;2;1
2304;2023-05-18 19:50:00;9;83;2
2305;2023-05-18 19:50:00;12;30;2
2306;2023-05-18 19:50:00;4;55;3
2307;2023-05-18 19:50:00;4;38;3
2308;2023-05-18 19:50:00;15;89;2
2309;2023-05-18 19:50:00;15;41;1
2310;2023-05-18 19:50:00;3;84;3
2311;2023-05-18 19:50:00;5;40;1
2312;2023-05-18 19:50:00;4;88;3
2313;2023-05-18 19:50:00;10;58;2
2314;2023-05-18 19:50:00;19;51;2
2315;2023-05-18 19:50:00;20;54;3
2316;2023-05-18 19:50:00;9;16;1
2317;2023-05-18 19:50:00;5;60;1
2318;2023-05-18 19:50:00;14;90;1
2319;2023-05-18 19:50:00;3;60;3
2320;2023-05-18 19:50:00;17;38;3
2321;2023-05-18 19:50:00;9;68;2
2322;2023-05-18 19:50:00;10;9;3
2323;2023-05-18 19:50:00;1;33;1
2324;2023-05-18 19:50:00;13;16;2
2325;2023-05-18 19:50:00;8;41;2
2326;2023-05-18 19:50:00;3;63;1
2327;2023-05-18 19:50:00;1;57;1
2328;2023-05-18 19:50:00;1;61;1
2329;2023-05-18 19:50:00;11;34;1
2330;2023-05-18 19:50:00;2;83;3
2331;2023-05-18 19:50:00;8;53;2
2332;2023-05-18 19:50:00;9;14;2
2333;2023-05-18 19:50:00;10;87;2
2334;2023-05-18 19:50:00;14;65;3
2335;2023-05-18 19:50:00;18;73;3
2336;2023-05-18 19:50:00;8;65;3
2337;2023-05-18 19:50:00;14;59;3
2338;2023-05-18 19:50:00;9;59;1
2339;2023-05-18 19:50:00;12;61;2
2340;2023-05-18 19:50:00;17;77;3
2341;2023-05-18 19:50:00;12;59;2
2342;2023-05-18 19:50:00;10;85;2
2343;2023-05-18 19:50:00;6;90;2
2344;2023-05-18 19:50:00;9;16;3
2345;2023-05-18 19:50:00;14;68;1
2346;2023-05-18 19:50:00;12;79;3
2347;2023-05-18 19:50:00;1;9;3
2348;2023-05-18 19:50:00;15;76;2
2349;2023-05-18 19:50:00;11;5;3
2350;2023-05-18 19:50:00;2;61;2
2351;2023-05-18 19:50:00;7;84;1
2352;2023-05-18 19:50:00;15;28;2
2353;2023-05-18 19:50:00;16;78;3
2354;2023-05-18 19:50:00;2;94;1
2355;2023-05-18 19:50:00;4;12;1
2356;2023-05-18 19:50:00;14;32;3
2357;2023-05-18 19:50:00;11;6;2
2358;2023-05-18 19:50:00;11;35;1
2359;2023-05-18 19:50:00;5;70;1
2360;2023-05-18 19:50:00;20;23;3
2361;2023-05-18 19:50:00;10;47;3
2362;2023-05-18 19:50:00;12;75;1
2363;2023-05-18 19:50:00;5;47;3
2364;2023-05-18 19:50:00;12;12;1
2365;2023-05-18 19:50:00;10;16;1
2366;2023-05-18 19:50:00;20;6;2
2367;2023-05-18 19:50:00;1;29;1
2368;2023-05-18 19:50:00;19;71;3
2369;2023-05-18 19:50:00;3;86;2
2370;2023-05-18 19:50:00;1;94;1
2371;2023-05-18 19:50:00;10;68;3
2372;2023-05-18 19:50:00;17;13;2
2373;2023-05-18 19:50:00;13;23;3
2374;2023-05-18 19:50:00;20;72;1
2375;2023-05-18 19:50:00;3;8;2
2376;2023-05-18 19:50:00;9;36;1
2377;2023-05-18 19:50:00;14;31;3
2378;2023-05-18 19:50:00;16;47;3
2379;2023-05-18 19:50:00;17;70;1
2380;2023-05-18 19:50:00;4;65;1
2381;2023-05-18 19:50:00;2;8;1
2382;2023-05-18 19:50:00;15;27;1
2383;2023-05-18 19:50:00;14;46;2
2384;2023-05-18 19:50:00;11;50;1
2385;2023-05-18 19:50:00;11;49;2
2386;2023-05-18 19:50:00;11;14;2
2387;2023-05-18 19:50:00;14;72;3
2388;2023-05-18 19:50:00;20;80;1
2389;2023-05-18 19:50:00;6;4;1
2390;2023-05-18 19:50:00;2;74;2
2391;2023-05-18 19:50:00;9;81;3
2392;2023-05-18 19:50:00;16;3;1
2393;2023-05-18 19:50:00;11;68;2
2394;2023-05-18 19:50:00;12;63;2
2395;2023-05-18 19:50:00;2;22;1
2396;2023-05-18 19:50:00;7;61;1
2397;2023-05-18 19:50:00;15;24;1
2398;2023-05-18 19:50:00;20;42;2
2399;2023-05-18 19:50:00;4;45;3
2400;2023-05-18 19:50:00;4;42;2
2401;2023-05-18 19:50:00;18;75;2
2402;2023-05-18 19:50:00;12;41;3
2403;2023-05-18 19:50:00;15;50;2
2404;2023-05-18 19:50:00;17;65;2
2405;2023-05-18 19:50:00;3;44;2
2406;2023-05-18 19:50:00;12;16;1
2407;2023-05-18 19:50:00;12;52;1
2408;2023-05-18 19:50:00;1;53;2
2409;2023-05-18 19:50:00;14;60;1
2410;2023-05-18 19:50:00;13;25;1
2411;2023-05-18 19:50:00;20;79;3
2412;2023-05-18 19:50:00;9;42;1
2413;2023-05-18 19:50:00;20;61;3
2414;2023-05-18 19:50:00;19;80;2
2415;2023-05-18 19:50:00;8;16;3
2416;2023-05-18 19:50:00;13;40;2
2417;2023-05-18 19:50:00;5;22;3
2418;2023-05-18 19:50:00;16;40;1
2419;2023-05-18 19:50:00;15;32;2
2420;2023-05-18 19:50:00;17;81;1
2421;2023-05-18 19:50:00;9;13;2
2422;2023-05-18 19:50:00;5;3;1
2423;2023-05-18 19:50:00;3;88;1
2424;2023-05-18 19:50:00;3;91;1
2425;2023-05-18 19:50:00;19;82;1
2426;2023-05-18 19:50:00;17;20;1
2427;2023-05-18 19:50:00;10;68;1
2428;2023-05-18 19:50:00;16;27;2
2429;2023-05-18 19:50:00;13;58;1
2430;2023-05-18 19:50:00;13;51;3
2431;2023-05-18 19:50:00;6;29;2
2432;2023-05-18 19:50:00;8;68;1
2433;2023-05-18 19:50:00;18;54;3
2434;2023-05-18 19:50:00;2;30;2
2435;2023-05-18 19:50:00;20;43;3
2436;2023-05-18 19:50:00;2;21;3
2437;2023-05-18 19:50:00;11;67;2
2438;2023-05-18 19:50:00;5;76;3
2439;2023-05-18 19:50:00;6;93;3
2440;2023-05-18 19:50:00;9;92;1
2441;2023-05-18 19:50:00;1;58;1
2442;2023-05-18 19:50:00;18;74;1
2443;2023-05-18 19:50:00;15;13;2
2444;2023-05-18 19:50:00;17;49;3
2445;2023-05-18 19:50:00;14;54;3
2446;2023-05-18 19:50:00;11;45;3
2447;2023-05-18 19:50:00;19;66;1
2448;2023-05-18 19:50:00;2;64;2
2449;2023-05-18 19:50:00;9;64;3
2450;2023-05-18 19:50:00;17;66;1
2451;2023-05-18 19:50:00;10;16;3
2452;2023-05-18 19:50:00;20;86;3
2453;2023-05-18 19:50:00;15;78;1
2454;2023-05-18 19:50:00;12;59;2
2455;2023-05-18 19:50:00;1;32;2
2456;2023-05-18 19:50:00;5;9;3
2457;2023-05-18 19:50:00;19;17;1
2458;2023-05-18 19:50:00;7;30;2
2459;2023-05-18 19:50:00;1;16;1
2460;2023-05-18 19:50:00;20;27;1
2461;2023-05-18 19:50:00;10;3;2
2462;2023-05-18 19:50:00;19;60;2
2463;2023-05-18 19:50:00;3;82;3
2464;2023-05-18 19:50:00;14;40;1
2465;2023-05-18 19:50:00;7;73;1
2466;2023-05-18 19:50:00;14;85;3
2467;2023-05-18 19:50:00;4;43;1
2468;2023-05-18 19:50:00;17;1;2
2469;2023-05-18 19:50:00;2;90;2
2470;2023-05-18 19:50:00;18;45;2
2471;2023-05-18 19:50:00;7;28;2
2472;2023-05-18 19:50:00;14;60;2
2473;2023-05-18 19:50:00;19;70;3
2474;2023-05-18 19:50:00;6;74;3
2475;2023-05-18 19:50:00;15;94;3
2476;2023-05-18 19:50:00;2;84;3
2477;2023-05-18 19:50:00;11;70;3
2478;2023-05-18 19:50:00;4;51;2
2479;2023-05-18 19:50:00;19;1;2
2480;2023-05-18 19:50:00;13;33;2
2481;2023-05-18 19:50:00;20;28;3
2482;2023-05-18 19:50:00;12;90;3
2483;2023-05-18 19:50:00;1;24;1
2484;2023-05-18 19:50:00;10;92;2
2485;2023-05-18 19:50:00;17;60;3
2486;2023-05-18 19:50:00;5;66;1
2487;2023-05-18 19:50:00;3;64;1
2488;2023-05-18 19:50:00;7;59;2
2489;2023-05-18 19:50:00;4;53;2
2490;2023-05-18 19:50:00;7;64;1
2491;2023-05-18 19:50:00;11;59;1
2492;2023-05-18 19:50:00;20;23;1
2493;2023-05-18 19:50:00;16;68;3
2494;2023-05-18 19:50:00;7;35;3
2495;2023-05-18 19:50:00;18;43;2
2496;2023-05-18 19:50:00;10;94;1
2497;2023-05-18 19:50:00;18;5;3
2498;2023-05-18 19:50:00;18;31;1
2499;2023-05-18 19:50:00;8;88;3
2500;2023-05-18 19:50:00;3;6;2
2501;2023-05-18 19:50:00;11;70;2
2502;2023-05-18 19:50:00;3;65;2
2503;2023-05-18 19:50:00;16;25;1
2504;2023-05-18 19:50:00;17;72;2
2505;2023-05-18 19:50:00;19;67;3
2506;2023-05-18 19:50:00;11;43;1
2507;2023-05-18 19:50:00;17;82;3
2508;2023-05-18 19:50:00;9;1;3
2509;2023-05-18 19:50:00;1;87;2
2510;2023-05-18 19:50:00;11;24;3
2511;2023-05-18 19:50:00;8;42;2
2512;2023-05-18 19:50:00;19;23;1
2513;2023-05-18 19:50:00;12;86;2
2514;2023-05-18 19:50:00;18;82;2
2515;2023-05-18 19:50:00;15;40;3
2516;2023-05-18 19:50:00;14;68;3
2517;2023-05-18 19:50:00;5;58;3
2518;2023-05-18 19:50:00;10;90;2
2519;2023-05-18 19:50:00;17;47;2
2520;2023-05-18 19:50:00;3;11;1
2521;2023-05-18 19:50:00;2;50;3
2522;2023-05-18 19:50:00;6;51;1
2523;2023-05-18 19:50:00;5;12;3
2524;2023-05-18 19:50:00;12;14;1
2525;2023-05-18 19:50:00;10;40;2
2526;2023-05-18 19:50:00;6;72;3
2527;2023-05-18 19:50:00;10;48;3
2528;2023-05-18 19:50:00;5;29;3
2529;2023-05-18 19:50:00;12;59;2
2530;2023-05-18 19:50:00;2;63;3
2531;2023-05-18 19:50:00;4;28;1
2532;2023-05-18 19:50:00;19;4;2
2533;2023-05-18 19:50:00;9;56;3
2534;2023-05-18 19:50:00;4;78;2
2535;2023-05-18 19:50:00;5;49;2
2536;2023-05-18 19:50:00;2;39;2
2537;2023-05-18 19:50:00;17;20;2
2538;2023-05-18 19:50:00;15;43;2
2539;2023-05-18 19:50:00;10;62;3
2540;2023-05-18 19:50:00;17;31;1
2541;2023-05-18 19:50:00;3;21;2
2542;2023-05-18 19:50:00;18;6;1
2543;2023-05-18 19:50:00;16;33;2
2544;2023-05-18 19:50:00;10;15;1
2545;2023-05-18 19:50:00;6;9;2
2546;2023-05-18 19:50:00;6;86;3
2547;2023-05-18 19:50:00;1;27;1
2548;2023-05-18 19:50:00;18;55;3
2549;2023-05-18 19:50:00;10;15;3
2550;2023-05-18 19:50:00;1;93;3
2551;2023-05-18 19:50:00;15;74;3
2552;2023-05-18 19:50:00;20;19;2
2553;2023-05-18 19:50:00;14;50;2
2554;2023-05-18 19:50:00;17;27;2
2555;2023-05-18 19:50:00;20;32;1
2556;2023-05-18 19:50:00;17;14;2
2557;2023-05-18 19:50:00;20;49;1
2558;2023-05-18 19:50:00;13;51;1
2559;2023-05-18 19:50:00;4;1;2
2560;2023-05-18 19:50:00;10;71;3
2561;2023-05-18 19:50:00;15;33;2
2562;2023-05-18 19:50:00;3;60;3
2563;2023-05-18 19:50:00;18;76;2
2564;2023-05-18 19:50:00;19;48;3
2565;2023-05-18 19:50:00;3;34;1
2566;2023-05-18 19:50:00;13;59;2
2567;2023-05-18 19:50:00;8;28;3
2568;2023-05-18 19:50:00;17;70;3
2569;2023-05-18 19:50:00;7;14;2
2570;2023-05-18 19:50:00;14;78;1
2571;2023-05-18 19:50:00;4;66;2
2572;2023-05-18 19:50:00;20;34;1
2573;2023-05-18 19:50:00;2;93;1
2574;2023-05-18 19:50:00;1;71;1
2575;2023-05-18 19:50:00;3;14;2
2576;2023-05-18 19:50:00;17;38;1
2577;2023-05-18 19:50:00;18;6;1
2578;2023-05-18 19:50:00;14;18;2
2579;2023-05-18 19:50:00;15;10;2
2580;2023-05-18 19:50:00;11;67;2
2581;2023-05-18 19:50:00;7;2;2
2582;2023-05-18 19:50:00;3;37;2
2583;2023-05-18 19:50:00;20;75;2
2584;2023-05-18 19:50:00;18;47;3
2585;2023-05-18 19:50:00;6;9;3
2586;2023-05-18 19:50:00;16;4;2
2587;2023-05-18 19:50:00;15;33;3
2588;2023-05-18 19:50:00;6;86;2
2589;2023-05-18 19:50:00;10;94;3
2590;2023-05-18 19:50:00;5;18;1
2591;2023-05-18 19:50:00;3;16;1
2592;2023-05-18 19:50:00;14;26;1
2593;2023-05-18 19:50:00;4;18;1
2594;2023-05-18 19:50:00;16;58;3
2595;2023-05-18 19:50:00;19;50;3
2596;2023-05-18 19:50:00;1;19;1
2597;2023-05-18 19:50:00;4;46;3
2598;2023-05-18 19:50:00;15;81;1
2599;2023-05-18 19:50:00;12;32;3
2600;2023-05-18 19:50:00;20;24;2
2601;2023-05-18 19:50:00;15;32;2
2602;2023-05-18 19:50:00;6;3;2
2603;2023-05-18 19:50:00;10;61;3
2604;2023-05-18 19:50:00;11;10;1
2605;2023-05-18 19:50:00;20;39;3
2606;2023-05-18 19:50:00;2;81;2
2607;2023-05-18 19:50:00;10;20;2
2608;2023-05-18 19:50:00;8;75;3
2609;2023-05-18 19:50:00;6;63;3
2610;2023-05-18 19:50:00;15;49;1
2611;2023-05-18 19:50:00;1;35;3
2612;2023-05-18 19:50:00;1;57;3
2613;2023-05-18 19:50:00;14;23;1
2614;2023-05-18 19:50:00;10;31;3
2615;2023-05-18 19:50:00;11;92;3
2616;2023-05-18 19:50:00;4;63;1
2617;2023-05-18 19:50:00;15;11;1
2618;2023-05-18 19:50:00;1;2;3
2619;2023-05-18 19:50:00;6;66;3
2620;2023-05-18 19:50:00;4;81;1
2621;2023-05-18 19:50:00;1;12;3
2622;2023-05-18 19:50:00;6;31;3
2623;2023-05-18 19:50:00;9;5;1
2624;2023-05-18 19:50:00;8;36;3
2625;2023-05-18 19:50:00;15;11;3
2626;2023-05-18 19:50:00;18;16;1
2627;2023-05-18 19:50:00;6;13;3
2628;2023-05-18 19:50:00;5;93;2
2629;2023-05-18 19:50:00;12;72;1
2630;2023-05-18 19:50:00;8;8;3
2631;2023-05-18 19:50:00;5;36;1
2632;2023-05-18 19:50:00;1;35;1
2633;2023-05-18 19:50:00;8;81;1
2634;2023-05-18 19:50:00;19;75;3
2635;2023-05-18 19:50:00;5;42;1
2636;2023-05-18 19:50:00;20;67;2
2637;2023-05-18 19:50:00;20;70;1
2638;2023-05-18 19:50:00;20;42;2
2639;2023-05-18 19:50:00;1;15;3
2640;2023-05-18 19:50:00;12;44;3
2641;2023-05-18 19:50:00;4;21;2
2642;2023-05-18 19:50:00;13;75;1
2643;2023-05-18 19:50:00;2;60;3
2644;2023-05-18 19:50:00;4;66;1
2645;2023-05-18 19:50:00;5;5;2
2646;2023-05-18 19:50:00;19;82;2
2647;2023-05-18 19:50:00;19;15;1
2648;2023-05-18 19:50:00;4;43;1
2649;2023-05-18 19:50:00;2;74;3
2650;2023-05-18 19:50:00;17;27;1
2651;2023-05-18 19:50:00;19;89;3
2652;2023-05-18 19:50:00;15;84;3
2653;2023-05-18 19:50:00;19;9;2
2654;2023-05-18 19:50:00;9;48;2
2655;2023-05-18 19:50:00;18;42;1
2656;2023-05-18 19:50:00;2;20;2
2657;2023-05-18 19:50:00;9;65;1
2658;2023-05-18 19:50:00;19;48;2
2659;2023-05-18 19:50:00;17;3;2
2660;2023-05-18 19:50:00;2;47;2
2661;2023-05-18 19:50:00;11;48;3
2662;2023-05-18 19:50:00;6;11;2
2663;2023-05-18 19:50:00;7;13;3
2664;2023-05-18 19:50:00;3;41;3
2665;2023-05-18 19:50:00;15;33;3
2666;2023-05-18 19:50:00;13;91;2
2667;2023-05-18 19:50:00;13;18;1
2668;2023-05-18 19:50:00;20;37;3
2669;2023-05-18 19:50:00;11;93;2
2670;2023-05-18 19:50:00;5;51;2
2671;2023-05-18 19:50:00;6;46;1
2672;2023-05-18 19:50:00;2;69;1
2673;2023-05-18 19:50:00;18;60;2
2674;2023-05-18 19:50:00;12;43;1
2675;2023-05-18 19:50:00;15;30;2
2676;2023-05-18 19:50:00;20;1;2
2677;2023-05-18 19:50:00;5;64;1
2678;2023-05-18 19:50:00;11;61;3
2679;2023-05-18 19:50:00;8;25;1
2680;2023-05-18 19:50:00;2;39;2
2681;2023-05-18 19:50:00;19;71;2
2682;2023-05-18 19:50:00;15;71;3
2683;2023-05-18 19:50:00;2;28;2
2684;2023-05-18 19:50:00;17;56;1
2685;2023-05-18 19:50:00;14;18;3
2686;2023-05-18 19:50:00;11;29;2
2687;2023-05-18 19:50:00;4;29;3
2688;2023-05-18 19:50:00;5;36;3
2689;2023-05-18 19:50:00;15;54;2
2690;2023-05-18 19:50:00;14;5;3
2691;2023-05-18 19:50:00;13;11;1
2692;2023-05-18 19:50:00;17;90;1
2693;2023-05-18 19:50:00;14;41;3
2694;2023-05-18 19:50:00;3;52;1
2695;2023-05-18 19:50:00;9;10;2
2696;2023-05-18 19:50:00;7;78;1
2697;2023-05-18 19:50:00;1;86;2
2698;2023-05-18 19:50:00;4;86;3
2699;2023-05-18 19:50:00;13;34;3
2700;2023-05-18 19:50:00;15;82;1
2701;2023-05-18 19:50:00;13;83;1
2702;2023-05-18 19:50:00;8;40;2
2703;2023-05-18 19:50:00;12;21;3
2704;2023-05-18 19:50:00;14;75;1
2705;2023-05-18 19:50:00;19;71;1
2706;2023-05-18 19:50:00;17;75;2
2707;2023-05-18 19:50:00;9;80;2
2708;2023-05-18 19:50:00;1;83;3
2709;2023-05-18 19:50:00;19;30;3
2710;2023-05-18 19:50:00;18;88;1
2711;2023-05-18 19:50:00;3;58;1
2712;2023-05-18 19:50:00;6;18;2
2713;2023-05-18 19:50:00;16;13;1
2714;2023-05-18 19:50:00;14;34;3
2715;2023-05-18 19:50:00;3;9;3
2716;2023-05-18 19:50:00;4;89;1
2717;2023-05-18 19:50:00;1;90;1
2718;2023-05-18 19:50:00;4;14;1
2719;2023-05-18 19:50:00;8;24;2
2720;2023-05-18 19:50:00;19;64;3
2721;2023-05-18 19:50:00;6;52;1
2722;2023-05-18 19:50:00;5;8;2
2723;2023-05-18 19:50:00;10;92;2
2724;2023-05-18 19:50:00;10;94;3
2725;2023-05-18 19:50:00;14;94;1
2726;2023-05-18 19:50:00;7;64;3
2727;2023-05-18 19:50:00;14;41;3
2728;2023-05-18 19:50:00;17;1;3
2729;2023-05-18 19:50:00;9;12;1
2730;2023-05-18 19:50:00;3;75;3
2731;2023-05-18 19:50:00;4;60;1
2732;2023-05-18 19:50:00;5;72;1
2733;2023-05-18 19:50:00;8;54;1
2734;2023-05-18 19:50:00;15;75;3
2735;2023-05-18 19:50:00;19;61;2
2736;2023-05-18 19:50:00;7;94;3
2737;2023-05-18 19:50:00;12;75;2
2738;2023-05-18 19:50:00;14;87;2
2739;2023-05-18 19:50:00;10;75;3
2740;2023-05-18 19:50:00;19;63;1
2741;2023-05-18 19:50:00;14;43;1
2742;2023-05-18 19:50:00;7;71;3
2743;2023-05-18 19:50:00;16;37;3
2744;2023-05-18 19:50:00;1;31;1
2745;2023-05-18 19:50:00;20;58;2
2746;2023-05-18 19:50:00;12;35;2
2747;2023-05-18 19:50:00;11;69;1
2748;2023-05-18 19:50:00;11;10;3
2749;2023-05-18 19:50:00;3;14;1
2750;2023-05-18 19:50:00;13;65;2
2751;2023-05-18 19:50:00;16;76;3
2752;2023-05-18 19:50:00;13;89;2
2753;2023-05-18 19:50:00;3;60;3
2754;2023-05-18 19:50:00;11;2;3
2755;2023-05-18 19:50:00;14;37;3
2756;2023-05-18 19:50:00;14;63;3
2757;2023-05-18 19:50:00;7;66;3
2758;2023-05-18 19:50:00;10;69;1
2759;2023-05-18 19:50:00;17;54;2
2760;2023-05-18 19:50:00;10;92;2
2761;2023-05-18 19:50:00;10;48;2
2762;2023-05-18 19:50:00;2;18;2
2763;2023-05-18 19:50:00;5;1;2
2764;2023-05-18 19:50:00;11;47;2
2765;2023-05-18 19:50:00;15;69;3
2766;2023-05-18 19:50:00;10;56;1
2767;2023-05-18 19:50:00;17;83;2
2768;2023-05-18 19:50:00;14;20;3
2769;2023-05-18 19:50:00;20;42;1
2770;2023-05-18 19:50:00;3;8;2
2771;2023-05-18 19:50:00;8;3;2
2772;2023-05-18 19:50:00;2;81;2
2773;2023-05-18 19:50:00;15;85;2
2774;2023-05-18 19:50:00;19;68;2
2775;2023-05-18 19:50:00;5;13;3
2776;2023-05-18 19:50:00;10;69;2
2777;2023-05-18 19:50:00;13;31;2
2778;2023-05-18 19:50:00;16;25;1
2779;2023-05-18 19:50:00;6;58;3
2780;2023-05-18 19:50:00;14;13;1
2781;2023-05-18 19:50:00;17;34;3
2782;2023-05-18 19:50:00;12;12;3
2783;2023-05-18 19:50:00;8;87;1
2784;2023-05-18 19:50:00;6;62;3
2785;2023-05-18 19:50:00;18;22;2
2786;2023-05-18 19:50:00;13;78;1
2787;2023-05-18 19:50:00;14;6;1
2788;2023-05-18 19:50:00;16;58;1
2789;2023-05-18 19:50:00;20;54;2
2790;2023-05-18 19:50:00;20;34;1
2791;2023-05-18 19:50:00;2;68;1
2792;2023-05-18 19:50:00;9;39;3
2793;2023-05-18 19:50:00;3;52;3
2794;2023-05-18 19:50:00;15;34;2
2795;2023-05-18 19:50:00;17;26;2
2796;2023-05-18 19:50:00;4;6;3
2797;2023-05-18 19:50:00;13;58;2
2798;2023-05-18 19:50:00;8;3;3
2799;2023-05-18 19:50:00;17;12;2
2800;2023-05-18 19:50:00;7;85;3
2801;2023-05-18 19:50:00;2;63;1
2802;2023-05-18 19:50:00;7;58;3
2803;2023-05-18 19:50:00;17;93;2
2804;2023-05-18 19:50:00;11;30;3
2805;2023-05-18 19:50:00;1;57;1
2806;2023-05-18 19:50:00;3;40;3
2807;2023-05-18 19:50:00;10;77;2
2808;2023-05-18 19:50:00;20;67;2
2809;2023-05-18 19:50:00;20;53;3
2810;2023-05-18 19:50:00;20;92;2
2811;2023-05-18 19:50:00;17;87;2
2812;2023-05-18 19:50:00;16;44;3
2813;2023-05-18 19:50:00;12;64;2
2814;2023-05-18 19:50:00;20;75;1
2815;2023-05-18 19:50:00;15;52;2
2816;2023-05-18 19:50:00;4;9;1
2817;2023-05-18 19:50:00;7;46;1
2818;2023-05-18 19:50:00;18;18;2
2819;2023-05-18 19:50:00;5;64;1
2820;2023-05-18 19:50:00;1;4;3
2821;2023-05-18 19:50:00;12;89;1
2822;2023-05-18 19:50:00;18;6;1
2823;2023-05-18 19:50:00;6;82;2
2824;2023-05-18 19:50:00;11;33;2
2825;2023-05-18 19:50:00;15;12;2
2826;2023-05-18 19:50:00;2;8;1
2827;2023-05-18 19:50:00;16;35;3
2828;2023-05-18 19:50:00;2;58;2
2829;2023-05-18 19:50:00;1;11;2
2830;2023-05-18 19:50:00;12;87;1
2831;2023-05-18 19:50:00;13;80;2
2832;2023-05-18 19:50:00;5;68;2
2833;2023-05-18 19:50:00;1;71;1
2834;2023-05-18 19:50:00;1;65;2
2835;2023-05-18 19:50:00;7;92;1
2836;2023-05-18 19:50:00;13;17;2
2837;2023-05-18 19:50:00;5;33;2
2838;2023-05-18 19:50:00;16;29;3
2839;2023-05-18 19:50:00;3;88;2
2840;2023-05-18 19:50:00;8;7;3
2841;2023-05-18 19:50:00;14;5;3
2842;2023-05-18 19:50:00;19;28;1
2843;2023-05-18 19:50:00;18;11;1
2844;2023-05-18 19:50:00;1;84;3
2845;2023-05-18 19:50:00;7;87;3
2846;2023-05-18 19:50:00;1;44;1
2847;2023-05-18 19:50:00;16;38;3
2848;2023-05-18 19:50:00;13;34;2
2849;2023-05-18 19:50:00;3;18;3
2850;2023-05-18 19:50:00;8;10;3
2851;2023-05-18 19:50:00;5;93;3
2852;2023-05-18 19:50:00;13;43;1
2853;2023-05-18 19:50:00;2;22;2
2854;2023-05-18 19:50:00;11;70;2
2855;2023-05-18 19:50:00;2;64;3
2856;2023-05-18 19:50:00;14;75;1
2857;2023-05-18 19:50:00;14;29;3
2858;2023-05-18 19:50:00;17;31;3
2859;2023-05-18 19:50:00;7;42;3
2860;2023-05-18 19:50:00;10;71;2
2861;2023-05-18 19:50:00;11;70;1
2862;2023-05-18 19:50:00;18;30;1
2863;2023-05-18 19:50:00;2;79;1
2864;2023-05-18 19:50:00;4;42;2
2865;2023-05-18 19:50:00;17;51;1
2866;2023-05-18 19:50:00;6;90;2
2867;2023-05-18 19:50:00;16;27;1
2868;2023-05-18 19:50:00;7;71;3
2869;2023-05-18 19:50:00;6;43;2
2870;2023-05-18 19:50:00;2;92;1
2871;2023-05-18 19:50:00;4;50;2
2872;2023-05-18 19:50:00;17;28;2
2873;2023-05-18 19:50:00;15;59;2
2874;2023-05-18 19:50:00;15;85;3
2875;2023-05-18 19:50:00;10;88;2
2876;2023-05-18 19:50:00;9;54;2
2877;2023-05-18 19:50:00;5;40;2
2878;2023-05-18 19:50:00;2;59;3
2879;2023-05-18 19:50:00;5;15;3
2880;2023-05-18 19:50:00;2;50;1
2881;2023-05-18 19:50:00;19;23;2
2882;2023-05-18 19:50:00;14;4;3
2883;2023-05-18 19:50:00;5;34;1
2884;2023-05-18 19:50:00;1;43;1
2885;2023-05-18 19:50:00;5;20;1
2886;2023-05-18 19:50:00;6;2;2
2887;2023-05-18 19:50:00;3;44;3
2888;2023-05-18 19:50:00;8;13;3
2889;2023-05-18 19:50:00;13;9;2
2890;2023-05-18 19:50:00;8;89;1
2891;2023-05-18 19:50:00;10;94;2
2892;2023-05-18 19:50:00;7;10;2
2893;2023-05-18 19:50:00;18;20;1
2894;2023-05-18 19:50:00;11;83;1
2895;2023-05-18 19:50:00;16;7;3
2896;2023-05-18 19:50:00;19;81;2
2897;2023-05-18 19:50:00;1;72;1
2898;2023-05-18 19:50:00;9;13;3
2899;2023-05-18 19:50:00;12;80;1
2900;2023-05-18 19:50:00;8;52;2
2901;2023-05-18 19:50:00;16;12;3
2902;2023-05-18 19:50:00;8;76;1
2903;2023-05-18 19:50:00;4;57;2
2904;2023-05-18 19:50:00;7;21;2
2905;2023-05-18 19:50:00;1;90;2
2906;2023-05-18 19:50:00;8;35;2
2907;2023-05-18 19:50:00;4;80;1
2908;2023-05-18 19:50:00;8;76;2
2909;2023-05-18 19:50:00;11;70;2
2910;2023-05-18 19:50:00;10;79;2
2911;2023-05-18 19:50:00;10;78;2
2912;2023-05-18 19:50:00;17;61;3
2913;2023-05-18 19:50:00;11;18;2
2914;2023-05-18 19:50:00;1;54;3
2915;2023-05-18 19:50:00;14;58;1
2916;2023-05-18 19:50:00;19;84;3
2917;2023-05-18 19:50:00;12;33;2
2918;2023-05-18 19:50:00;11;23;3
2919;2023-05-18 19:50:00;15;25;2
2920;2023-05-18 19:50:00;8;21;3
2921;2023-05-18 19:50:00;2;43;2
2922;2023-05-18 19:50:00;2;23;3
2923;2023-05-18 19:50:00;6;44;3
2924;2023-05-18 19:50:00;8;22;3
2925;2023-05-18 19:50:00;6;58;1
2926;2023-05-18 19:50:00;15;81;3
2927;2023-05-18 19:50:00;15;26;3
2928;2023-05-18 19:50:00;5;60;3
2929;2023-05-18 19:50:00;10;20;3
2930;2023-05-18 19:50:00;1;90;2
2931;2023-05-18 19:50:00;5;83;2
2932;2023-05-18 19:50:00;16;46;3
2933;2023-05-18 19:50:00;4;16;2
2934;2023-05-18 19:50:00;17;67;3
2935;2023-05-18 19:50:00;17;7;2
2936;2023-05-18 19:50:00;8;12;3
2937;2023-05-18 19:50:00;7;1;2
2938;2023-05-18 19:50:00;11;89;3
2939;2023-05-18 19:50:00;6;87;1
2940;2023-05-18 19:50:00;15;5;2
2941;2023-05-18 19:50:00;17;90;2
2942;2023-05-18 19:50:00;3;12;2
2943;2023-05-18 19:50:00;14;18;3
2944;2023-05-18 19:50:00;1;18;3
2945;2023-05-18 19:50:00;9;67;3
2946;2023-05-18 19:50:00;9;38;1
2947;2023-05-18 19:50:00;4;67;3
2948;2023-05-18 19:50:00;20;13;3
2949;2023-05-18 19:50:00;19;40;3
2950;2023-05-18 19:50:00;16;68;3
2951;2023-05-18 19:50:00;17;84;2
2952;2023-05-18 19:50:00;19;75;2
2953;2023-05-18 19:50:00;2;93;3
2954;2023-05-18 19:50:00;19;58;2
2955;2023-05-18 19:50:00;6;65;1
2956;2023-05-18 19:50:00;10;94;2
2957;2023-05-18 19:50:00;8;46;1
2958;2023-05-18 19:50:00;17;20;2
2959;2023-05-18 19:50:00;9;74;2
2960;2023-05-18 19:50:00;4;91;3
2961;2023-05-18 19:50:00;14;43;2
2962;2023-05-18 19:50:00;14;85;3
2963;2023-05-18 19:50:00;2;56;1
2964;2023-05-18 19:50:00;4;60;1
2965;2023-05-18 19:50:00;13;67;3
2966;2023-05-18 19:50:00;14;9;3
2967;2023-05-18 19:50:00;15;31;3
2968;2023-05-18 19:50:00;15;32;1
2969;2023-05-18 19:50:00;7;87;1
2970;2023-05-18 19:50:00;20;7;1
2971;2023-05-18 19:50:00;5;86;3
2972;2023-05-18 19:50:00;1;75;1
2973;2023-05-18 19:50:00;19;27;1
2974;2023-05-18 19:50:00;7;17;1
2975;2023-05-18 19:50:00;9;36;1
2976;2023-05-18 19:50:00;1;63;1
2977;2023-05-18 19:50:00;3;53;2
2978;2023-05-18 19:50:00;16;32;1
2979;2023-05-18 19:50:00;11;20;1
2980;2023-05-18 19:50:00;19;65;1
2981;2023-05-18 19:50:00;9;21;1
2982;2023-05-18 19:50:00;2;92;3
2983;2023-05-18 19:50:00;5;41;1
2984;2023-05-18 19:50:00;7;93;1
2985;2023-05-18 19:50:00;6;48;3
2986;2023-05-18 19:50:00;3;78;3
2987;2023-05-18 19:50:00;18;25;2
2988;2023-05-18 19:50:00;20;80;1
2989;2023-05-18 19:50:00;10;47;2
2990;2023-05-18 19:50:00;9;81;3
2991;2023-05-18 19:50:00;10;49;2
2992;2023-05-18 19:50:00;14;2;2
2993;2023-05-18 19:50:00;10;66;3
2994;2023-05-18 19:50:00;7;83;2
2995;2023-05-18 19:50:00;10;15;1
2996;2023-05-18 19:50:00;1;30;2
2997;2023-05-18 19:50:00;13;28;3
2998;2023-05-18 19:50:00;5;72;3
